[debug] [2026-08-02T09:39:17.073Z] ----------------------------------------------------------------------
[debug] [2026-08-02T09:39:17.075Z] Command:       /opt/homebrew/Cellar/node/26.4.0/bin/node /opt/homebrew/bin/firebase deploy --only functions
[debug] [2026-08-02T09:39:17.075Z] CLI Version:   15.25.1
[debug] [2026-08-02T09:39:17.075Z] Platform:      darwin
[debug] [2026-08-02T09:39:17.075Z] Node Version:  v26.4.0
[debug] [2026-08-02T09:39:17.075Z] Detected Agent: unknown
[debug] [2026-08-02T09:39:17.075Z] Time:          Sun Aug 02 2026 16:39:17 GMT+0700 (Indochina Time)
[debug] [2026-08-02T09:39:17.075Z] ----------------------------------------------------------------------
[debug] 
[debug] [2026-08-02T09:39:17.753Z] Object "" in "firebase.json" has unknown property: {"additionalProperty":"flutter"}
[debug] [2026-08-02T09:39:17.756Z] > command requires scopes: ["email","openid","https://www.googleapis.com/auth/cloudplatformprojects.readonly","https://www.googleapis.com/auth/firebase","https://www.googleapis.com/auth/cloud-platform"]
[debug] [2026-08-02T09:39:17.756Z] > authorizing via signed-in user (khiemduong1234@gmail.com)
[debug] [2026-08-02T09:39:17.756Z] [iam] checking project spend-flow-82e37 for permissions ["cloudfunctions.functions.create","cloudfunctions.functions.delete","cloudfunctions.functions.get","cloudfunctions.functions.list","cloudfunctions.functions.update","cloudfunctions.operations.get","firebase.projects.get"]
[debug] [2026-08-02T09:39:17.763Z] Checked if tokens are valid: true, expires at: 1785666689351
[debug] [2026-08-02T09:39:17.763Z] Checked if tokens are valid: true, expires at: 1785666689351
[debug] [2026-08-02T09:39:17.764Z] >>> [apiv2][query] POST https://cloudresourcemanager.googleapis.com/v1/projects/spend-flow-82e37:testIamPermissions [none]
[debug] [2026-08-02T09:39:17.764Z] >>> [apiv2][(partial)header] POST https://cloudresourcemanager.googleapis.com/v1/projects/spend-flow-82e37:testIamPermissions  x-goog-user-project=spend-flow-82e37
[debug] [2026-08-02T09:39:17.764Z] >>> [apiv2][body] POST https://cloudresourcemanager.googleapis.com/v1/projects/spend-flow-82e37:testIamPermissions {"permissions":["cloudfunctions.functions.create","cloudfunctions.functions.delete","cloudfunctions.functions.get","cloudfunctions.functions.list","cloudfunctions.functions.update","cloudfunctions.operations.get","firebase.projects.get"]}
[debug] [2026-08-02T09:39:19.133Z] <<< [apiv2][status] POST https://cloudresourcemanager.googleapis.com/v1/projects/spend-flow-82e37:testIamPermissions 200
[debug] [2026-08-02T09:39:19.133Z] <<< [apiv2][body] POST https://cloudresourcemanager.googleapis.com/v1/projects/spend-flow-82e37:testIamPermissions {"permissions":["cloudfunctions.functions.create","cloudfunctions.functions.delete","cloudfunctions.functions.get","cloudfunctions.functions.list","cloudfunctions.functions.update","cloudfunctions.operations.get","firebase.projects.get"]}
[debug] [2026-08-02T09:39:19.133Z] Checked if tokens are valid: true, expires at: 1785666689351
[debug] [2026-08-02T09:39:19.133Z] Checked if tokens are valid: true, expires at: 1785666689351
[debug] [2026-08-02T09:39:19.134Z] >>> [apiv2][query] POST https://iam.googleapis.com/v1/projects/spend-flow-82e37/serviceAccounts/spend-flow-82e37@appspot.gserviceaccount.com:testIamPermissions [none]
[debug] [2026-08-02T09:39:19.134Z] >>> [apiv2][body] POST https://iam.googleapis.com/v1/projects/spend-flow-82e37/serviceAccounts/spend-flow-82e37@appspot.gserviceaccount.com:testIamPermissions {"permissions":["iam.serviceAccounts.actAs"]}
[debug] [2026-08-02T09:39:20.614Z] <<< [apiv2][status] POST https://iam.googleapis.com/v1/projects/spend-flow-82e37/serviceAccounts/spend-flow-82e37@appspot.gserviceaccount.com:testIamPermissions 200
[debug] [2026-08-02T09:39:20.614Z] <<< [apiv2][body] POST https://iam.googleapis.com/v1/projects/spend-flow-82e37/serviceAccounts/spend-flow-82e37@appspot.gserviceaccount.com:testIamPermissions {"permissions":["iam.serviceAccounts.actAs"]}
[info] 
[info] === Deploying to 'spend-flow-82e37'...
[info] 
[info] i  deploying functions 
[info] Running command: npm --prefix "$RESOURCE_DIR" run build
[info] ✔  functions: Finished running predeploy script. 
[debug] [2026-08-02T09:39:21.870Z] Checked if tokens are valid: true, expires at: 1785666689351
[debug] [2026-08-02T09:39:21.870Z] Checked if tokens are valid: true, expires at: 1785666689351
[debug] [2026-08-02T09:39:21.870Z] >>> [apiv2][query] GET https://cloudresourcemanager.googleapis.com/v1/projects/spend-flow-82e37 [none]
[debug] [2026-08-02T09:39:22.251Z] <<< [apiv2][status] GET https://cloudresourcemanager.googleapis.com/v1/projects/spend-flow-82e37 200
[debug] [2026-08-02T09:39:22.252Z] <<< [apiv2][body] GET https://cloudresourcemanager.googleapis.com/v1/projects/spend-flow-82e37 {"projectNumber":"586343572662","projectId":"spend-flow-82e37","lifecycleState":"ACTIVE","name":"Spend Flow ","labels":{"firebase":"enabled","firebase-core":"disabled"},"createTime":"2025-12-20T07:51:34.102068Z"}
[info] i  functions: preparing codebase default for deployment 
[info] i  functions: ensuring required API cloudfunctions.googleapis.com is enabled... 
[info] i  functions: ensuring required API cloudbuild.googleapis.com is enabled... 
[info] i  artifactregistry: ensuring required API artifactregistry.googleapis.com is enabled... 
[debug] [2026-08-02T09:39:22.253Z] Checked if tokens are valid: true, expires at: 1785666689351
[debug] [2026-08-02T09:39:22.253Z] Checked if tokens are valid: true, expires at: 1785666689351
[debug] [2026-08-02T09:39:22.253Z] >>> [apiv2][query] GET https://firebase.googleapis.com/v1beta1/projects/spend-flow-82e37/adminSdkConfig [none]
[debug] [2026-08-02T09:39:23.286Z] <<< [apiv2][status] GET https://firebase.googleapis.com/v1beta1/projects/spend-flow-82e37/adminSdkConfig 200
[debug] [2026-08-02T09:39:23.286Z] <<< [apiv2][body] GET https://firebase.googleapis.com/v1beta1/projects/spend-flow-82e37/adminSdkConfig {"projectId":"spend-flow-82e37","storageBucket":"spend-flow-82e37.firebasestorage.app"}
[debug] [2026-08-02T09:39:23.288Z] Validating nodejs source
[warn] ⚠  functions: package.json indicates an outdated version of firebase-functions. Please upgrade using npm install --save firebase-functions@latest in your functions directory. 
[debug] [2026-08-02T09:39:23.929Z] > [functions] package.json contents: {
  "name": "functions",
  "scripts": {
    "build": "tsc",
    "build:watch": "tsc --watch",
    "serve": "npm run build && firebase emulators:start --only functions",
    "shell": "npm run build && firebase functions:shell",
    "start": "npm run shell",
    "deploy": "firebase deploy --only functions",
    "logs": "firebase functions:log"
  },
  "engines": {
    "node": "22"
  },
  "main": "lib/index.js",
  "dependencies": {
    "@google/generative-ai": "^0.24.1",
    "bcryptjs": "^3.0.3",
    "firebase-admin": "^13.6.0",
    "firebase-functions": "^7.0.0",
    "resend": "^6.12.2"
  },
  "devDependencies": {
    "@types/react": "^19.2.14",
    "firebase-functions-test": "^3.4.1",
    "react": "^19.2.5",
    "typescript": "^5.7.3"
  },
  "private": true
}
[debug] [2026-08-02T09:39:23.929Z] Building nodejs source
[info] i  functions: Loading and analyzing source code for codebase default to determine what to deploy 
[debug] [2026-08-02T09:39:23.930Z] Could not find functions.yaml. Must use http discovery
[debug] [2026-08-02T09:39:23.935Z] Found firebase-functions binary at '/Users/khiemduong/Project/SpendFlow/functions/node_modules/.bin/firebase-functions'
[info] Serving at port 8727

[debug] [2026-08-02T09:39:24.305Z] Got response from /__/functions.yaml {"endpoints":{"registerUser":{"availableMemoryMb":null,"timeoutSeconds":null,"minInstances":null,"maxInstances":null,"ingressSettings":null,"concurrency":null,"serviceAccountEmail":null,"vpc":null,"platform":"gcfv2","secretEnvironmentVariables":[{"key":"RESEND_API_KEY"}],"labels":{},"callableTrigger":{},"entryPoint":"registerUser"},"verifyOtpRegister":{"availableMemoryMb":null,"timeoutSeconds":null,"minInstances":null,"maxInstances":null,"ingressSettings":null,"concurrency":null,"serviceAccountEmail":null,"vpc":null,"platform":"gcfv2","labels":{},"callableTrigger":{},"entryPoint":"verifyOtpRegister"},"resendOtpRegister":{"availableMemoryMb":null,"timeoutSeconds":null,"minInstances":null,"maxInstances":null,"ingressSettings":null,"concurrency":null,"serviceAccountEmail":null,"vpc":null,"platform":"gcfv2","secretEnvironmentVariables":[{"key":"RESEND_API_KEY"}],"labels":{},"callableTrigger":{},"entryPoint":"resendOtpRegister"},"loginUser":{"availableMemoryMb":null,"timeoutSeconds":null,"minInstances":null,"maxInstances":null,"ingressSettings":null,"concurrency":null,"serviceAccountEmail":"spend-flow-82e37@appspot.gserviceaccount.com","vpc":null,"platform":"gcfv2","labels":{},"callableTrigger":{},"entryPoint":"loginUser"},"forgotPassword":{"availableMemoryMb":null,"timeoutSeconds":null,"minInstances":null,"maxInstances":null,"ingressSettings":null,"concurrency":null,"serviceAccountEmail":null,"vpc":null,"platform":"gcfv2","secretEnvironmentVariables":[{"key":"RESEND_API_KEY"}],"labels":{},"callableTrigger":{},"entryPoint":"forgotPassword"},"resetPassword":{"availableMemoryMb":null,"timeoutSeconds":null,"minInstances":null,"maxInstances":null,"ingressSettings":null,"concurrency":null,"serviceAccountEmail":null,"vpc":null,"platform":"gcfv2","labels":{},"callableTrigger":{},"entryPoint":"resetPassword"},"analyzeReceiptImage":{"availableMemoryMb":null,"timeoutSeconds":null,"minInstances":null,"maxInstances":null,"ingressSettings":null,"concurrency":null,"serviceAccountEmail":null,"vpc":null,"platform":"gcfv2","secretEnvironmentVariables":[{"key":"GEMINI_API_KEY"}],"labels":{},"callableTrigger":{},"entryPoint":"analyzeReceiptImage"},"analyzeTransactionText":{"availableMemoryMb":null,"timeoutSeconds":null,"minInstances":null,"maxInstances":null,"ingressSettings":null,"concurrency":null,"serviceAccountEmail":null,"vpc":null,"platform":"gcfv2","secretEnvironmentVariables":[{"key":"GEMINI_API_KEY"}],"labels":{},"callableTrigger":{},"entryPoint":"analyzeTransactionText"}},"specVersion":"v1alpha1","requiredAPIs":[],"extensions":{}}
[debug] [2026-08-02T09:39:27.320Z] Checked if tokens are valid: true, expires at: 1785666689351
[debug] [2026-08-02T09:39:27.320Z] Checked if tokens are valid: true, expires at: 1785666689351
[debug] [2026-08-02T09:39:27.320Z] >>> [apiv2][query] GET https://cloudfunctions.googleapis.com/v1/projects/spend-flow-82e37/locations/-/functions [none]
[debug] [2026-08-02T09:39:28.196Z] <<< [apiv2][status] GET https://cloudfunctions.googleapis.com/v1/projects/spend-flow-82e37/locations/-/functions 200
[debug] [2026-08-02T09:39:28.196Z] <<< [apiv2][body] GET https://cloudfunctions.googleapis.com/v1/projects/spend-flow-82e37/locations/-/functions {}
[debug] [2026-08-02T09:39:28.197Z] Checked if tokens are valid: true, expires at: 1785666689351
[debug] [2026-08-02T09:39:28.197Z] Checked if tokens are valid: true, expires at: 1785666689351
[debug] [2026-08-02T09:39:28.197Z] >>> [apiv2][query] GET https://cloudfunctions.googleapis.com/v2/projects/spend-flow-82e37/locations/-/functions filter=environment%3D%22GEN_2%22
[debug] [2026-08-02T09:39:29.832Z] <<< [apiv2][status] GET https://cloudfunctions.googleapis.com/v2/projects/spend-flow-82e37/locations/-/functions 200
[debug] [2026-08-02T09:39:29.832Z] <<< [apiv2][body] GET https://cloudfunctions.googleapis.com/v2/projects/spend-flow-82e37/locations/-/functions {"functions":[{"name":"projects/spend-flow-82e37/locations/us-central1/functions/analyzeReceiptImage","buildConfig":{"build":"projects/586343572662/locations/us-central1/builds/1ca729f6-2fdd-4927-81ed-e9e9b4d567ce","runtime":"nodejs22","entryPoint":"analyzeReceiptImage","source":{"storageSource":{"bucket":"gcf-v2-sources-586343572662-us-central1","object":"analyzeReceiptImage/function-source.zip","generation":"1785663350679308"}},"environmentVariables":{"GOOGLE_NODE_RUN_SCRIPTS":""},"dockerRepository":"projects/spend-flow-82e37/locations/us-central1/repositories/gcf-artifacts","sourceProvenance":{"resolvedStorageSource":{"bucket":"gcf-v2-sources-586343572662-us-central1","object":"analyzeReceiptImage/function-source.zip","generation":"1785663350679308"}},"dockerRegistry":"ARTIFACT_REGISTRY","serviceAccount":"projects/spend-flow-82e37/serviceAccounts/586343572662-compute@developer.gserviceaccount.com","automaticUpdatePolicy":{}},"serviceConfig":{"service":"projects/spend-flow-82e37/locations/us-central1/services/analyzereceiptimage","timeoutSeconds":60,"environmentVariables":{"FIREBASE_CONFIG":"{\"projectId\":\"spend-flow-82e37\",\"storageBucket\":\"spend-flow-82e37.firebasestorage.app\"}","GCLOUD_PROJECT":"spend-flow-82e37","EVENTARC_CLOUD_EVENT_SOURCE":"projects/spend-flow-82e37/locations/us-central1/services/analyzeReceiptImage","FUNCTION_TARGET":"analyzeReceiptImage","LOG_EXECUTION_ID":"true","FUNCTION_SIGNATURE_TYPE":"http","FUNCTION_REGION":"us-central1"},"maxInstanceCount":20,"ingressSettings":"ALLOW_ALL","uri":"https://analyzereceiptimage-dhf3dbyzbq-uc.a.run.app","serviceAccountEmail":"586343572662-compute@developer.gserviceaccount.com","availableMemory":"256Mi","allTrafficOnLatestRevision":true,"secretEnvironmentVariables":[{"key":"GEMINI_API_KEY","projectId":"spend-flow-82e37","secret":"GEMINI_API_KEY","version":"2"}],"revision":"analyzereceiptimage-00044-nox","maxInstanceRequestConcurrency":80,"availableCpu":"1"},"state":"ACTIVE","updateTime":"2026-08-02T09:36:44.244924205Z","labels":{"deployment-tool":"cli-firebase","deployment-callable":"true","firebase-functions-hash":"e79e4c85cf9efcf58e2aa71e35738a215371b895"},"environment":"GEN_2","url":"https://us-central1-spend-flow-82e37.cloudfunctions.net/analyzeReceiptImage","createTime":"2025-12-26T08:22:48.818811633Z","satisfiesPzi":true},{"name":"projects/spend-flow-82e37/locations/us-central1/functions/forgotPassword","buildConfig":{"build":"projects/586343572662/locations/us-central1/builds/823663d3-cd7c-46c2-8e3d-81204aaac72c","runtime":"nodejs22","entryPoint":"forgotPassword","source":{"storageSource":{"bucket":"gcf-v2-sources-586343572662-us-central1","object":"forgotPassword/function-source.zip","generation":"1785663454176464"}},"environmentVariables":{"GOOGLE_NODE_RUN_SCRIPTS":""},"dockerRepository":"projects/spend-flow-82e37/locations/us-central1/repositories/gcf-artifacts","sourceProvenance":{"resolvedStorageSource":{"bucket":"gcf-v2-sources-586343572662-us-central1","object":"forgotPassword/function-source.zip","generation":"1785663454176464"}},"dockerRegistry":"ARTIFACT_REGISTRY","serviceAccount":"projects/spend-flow-82e37/serviceAccounts/586343572662-compute@developer.gserviceaccount.com","automaticUpdatePolicy":{}},"serviceConfig":{"service":"projects/spend-flow-82e37/locations/us-central1/services/forgotpassword","timeoutSeconds":60,"environmentVariables":{"GEMINI_API_KEY":"AQ.Ab8RN6LizdBNtWT_93ybUvgSWRmdk4cnusZEvPk9MQhF3Syh1g","FIREBASE_CONFIG":"{\"projectId\":\"spend-flow-82e37\",\"storageBucket\":\"spend-flow-82e37.firebasestorage.app\"}","GCLOUD_PROJECT":"spend-flow-82e37","EVENTARC_CLOUD_EVENT_SOURCE":"projects/spend-flow-82e37/locations/us-central1/services/forgotPassword","FUNCTION_REGION":"us-central1","FUNCTION_TARGET":"forgotPassword","LOG_EXECUTION_ID":"true","FUNCTION_SIGNATURE_TYPE":"http"},"maxInstanceCount":3,"ingressSettings":"ALLOW_ALL","uri":"https://forgotpassword-dhf3dbyzbq-uc.a.run.app","serviceAccountEmail":"586343572662-compute@developer.gserviceaccount.com","availableMemory":"256Mi","allTrafficOnLatestRevision":true,"secretEnvironmentVariables":[{"key":"RESEND_API_KEY","projectId":"spend-flow-82e37","secret":"RESEND_API_KEY","version":"3"}],"revision":"forgotpassword-00023-vip","maxInstanceRequestConcurrency":80,"availableCpu":"1"},"state":"ACTIVE","updateTime":"2026-08-02T09:38:43.032372111Z","labels":{"deployment-callable":"true","firebase-functions-hash":"1c1852a7774f742b5adc399a6cba25494d59abfc","deployment-tool":"cli-firebase"},"environment":"GEN_2","url":"https://us-central1-spend-flow-82e37.cloudfunctions.net/forgotPassword","createTime":"2026-01-27T07:27:49.878166350Z","satisfiesPzi":true},{"name":"projects/spend-flow-82e37/locations/us-central1/functions/verifyOtpRegister","buildConfig":{"build":"projects/586343572662/locations/us-central1/builds/19967a5f-79e6-4d13-9763-60d2ad3b3180","runtime":"nodejs22","entryPoint":"verifyOtpRegister","source":{"storageSource":{"bucket":"gcf-v2-sources-586343572662-us-central1","object":"verifyOtpRegister/function-source.zip","generation":"1785663205842036"}},"environmentVariables":{"GOOGLE_NODE_RUN_SCRIPTS":""},"dockerRepository":"projects/spend-flow-82e37/locations/us-central1/repositories/gcf-artifacts","sourceProvenance":{"resolvedStorageSource":{"bucket":"gcf-v2-sources-586343572662-us-central1","object":"verifyOtpRegister/function-source.zip","generation":"1785663205842036"}},"dockerRegistry":"ARTIFACT_REGISTRY","serviceAccount":"projects/spend-flow-82e37/serviceAccounts/586343572662-compute@developer.gserviceaccount.com","automaticUpdatePolicy":{}},"serviceConfig":{"service":"projects/spend-flow-82e37/locations/us-central1/services/verifyotpregister","timeoutSeconds":60,"environmentVariables":{"GEMINI_API_KEY":"AQ.Ab8RN6LizdBNtWT_93ybUvgSWRmdk4cnusZEvPk9MQhF3Syh1g","FIREBASE_CONFIG":"{\"projectId\":\"spend-flow-82e37\",\"storageBucket\":\"spend-flow-82e37.firebasestorage.app\"}","GCLOUD_PROJECT":"spend-flow-82e37","EVENTARC_CLOUD_EVENT_SOURCE":"projects/spend-flow-82e37/locations/us-central1/services/verifyOtpRegister","FUNCTION_REGION":"us-central1","FUNCTION_TARGET":"verifyOtpRegister","LOG_EXECUTION_ID":"true","FUNCTION_SIGNATURE_TYPE":"http"},"maxInstanceCount":3,"ingressSettings":"ALLOW_ALL","uri":"https://verifyotpregister-dhf3dbyzbq-uc.a.run.app","serviceAccountEmail":"586343572662-compute@developer.gserviceaccount.com","availableMemory":"256Mi","allTrafficOnLatestRevision":true,"revision":"verifyotpregister-00013-neb","maxInstanceRequestConcurrency":80,"availableCpu":"1"},"state":"ACTIVE","updateTime":"2026-08-02T09:33:48.763303870Z","labels":{"deployment-tool":"cli-firebase","deployment-callable":"true","firebase-functions-hash":"b3bad0b6187045b90adaa2008d4861036301fe74"},"environment":"GEN_2","url":"https://us-central1-spend-flow-82e37.cloudfunctions.net/verifyOtpRegister","createTime":"2026-01-29T08:00:28.034761258Z","satisfiesPzi":true},{"name":"projects/spend-flow-82e37/locations/us-central1/functions/loginUser","buildConfig":{"build":"projects/586343572662/locations/us-central1/builds/19967a5f-79e6-4d13-9763-60d2ad3b3180","runtime":"nodejs22","entryPoint":"loginUser","source":{"storageSource":{"bucket":"gcf-v2-sources-586343572662-us-central1","object":"loginUser/function-source.zip","generation":"1785663210364852"}},"environmentVariables":{"GOOGLE_NODE_RUN_SCRIPTS":""},"dockerRepository":"projects/spend-flow-82e37/locations/us-central1/repositories/gcf-artifacts","sourceProvenance":{"resolvedStorageSource":{"bucket":"gcf-v2-sources-586343572662-us-central1","object":"loginUser/function-source.zip","generation":"1785663210364852"}},"dockerRegistry":"ARTIFACT_REGISTRY","serviceAccount":"projects/spend-flow-82e37/serviceAccounts/586343572662-compute@developer.gserviceaccount.com","automaticUpdatePolicy":{}},"serviceConfig":{"service":"projects/spend-flow-82e37/locations/us-central1/services/loginuser","timeoutSeconds":60,"environmentVariables":{"GEMINI_API_KEY":"AQ.Ab8RN6LizdBNtWT_93ybUvgSWRmdk4cnusZEvPk9MQhF3Syh1g","FIREBASE_CONFIG":"{\"projectId\":\"spend-flow-82e37\",\"storageBucket\":\"spend-flow-82e37.firebasestorage.app\"}","GCLOUD_PROJECT":"spend-flow-82e37","EVENTARC_CLOUD_EVENT_SOURCE":"projects/spend-flow-82e37/locations/us-central1/services/loginUser","FUNCTION_REGION":"us-central1","FUNCTION_TARGET":"loginUser","LOG_EXECUTION_ID":"true","FUNCTION_SIGNATURE_TYPE":"http"},"maxInstanceCount":3,"ingressSettings":"ALLOW_ALL","uri":"https://loginuser-dhf3dbyzbq-uc.a.run.app","serviceAccountEmail":"spend-flow-82e37@appspot.gserviceaccount.com","availableMemory":"256Mi","allTrafficOnLatestRevision":true,"revision":"loginuser-00027-huf","maxInstanceRequestConcurrency":80,"availableCpu":"1"},"state":"ACTIVE","updateTime":"2026-08-02T09:33:45.929449893Z","labels":{"deployment-callable":"true","firebase-functions-hash":"b3bad0b6187045b90adaa2008d4861036301fe74","deployment-tool":"cli-firebase"},"environment":"GEN_2","url":"https://us-central1-spend-flow-82e37.cloudfunctions.net/loginUser","createTime":"2026-01-27T07:28:46.757794193Z","satisfiesPzi":true},{"name":"projects/spend-flow-82e37/locations/us-central1/functions/registerUser","buildConfig":{"build":"projects/586343572662/locations/us-central1/builds/dd40a3a1-f91e-4e39-b43b-2a7c40549dd0","runtime":"nodejs22","entryPoint":"registerUser","source":{"storageSource":{"bucket":"gcf-v2-sources-586343572662-us-central1","object":"registerUser/function-source.zip","generation":"1785663456298478"}},"environmentVariables":{"GOOGLE_NODE_RUN_SCRIPTS":""},"dockerRepository":"projects/spend-flow-82e37/locations/us-central1/repositories/gcf-artifacts","sourceProvenance":{"resolvedStorageSource":{"bucket":"gcf-v2-sources-586343572662-us-central1","object":"registerUser/function-source.zip","generation":"1785663456298478"}},"dockerRegistry":"ARTIFACT_REGISTRY","serviceAccount":"projects/spend-flow-82e37/serviceAccounts/586343572662-compute@developer.gserviceaccount.com","automaticUpdatePolicy":{}},"serviceConfig":{"service":"projects/spend-flow-82e37/locations/us-central1/services/registeruser","timeoutSeconds":60,"environmentVariables":{"GEMINI_API_KEY":"AQ.Ab8RN6LizdBNtWT_93ybUvgSWRmdk4cnusZEvPk9MQhF3Syh1g","FIREBASE_CONFIG":"{\"projectId\":\"spend-flow-82e37\",\"storageBucket\":\"spend-flow-82e37.firebasestorage.app\"}","GCLOUD_PROJECT":"spend-flow-82e37","EVENTARC_CLOUD_EVENT_SOURCE":"projects/spend-flow-82e37/locations/us-central1/services/registerUser","FUNCTION_REGION":"us-central1","FUNCTION_TARGET":"registerUser","LOG_EXECUTION_ID":"true"},"maxInstanceCount":3,"ingressSettings":"ALLOW_ALL","uri":"https://registeruser-dhf3dbyzbq-uc.a.run.app","serviceAccountEmail":"586343572662-compute@developer.gserviceaccount.com","availableMemory":"256Mi","allTrafficOnLatestRevision":true,"secretEnvironmentVariables":[{"key":"RESEND_API_KEY","projectId":"spend-flow-82e37","secret":"RESEND_API_KEY","version":"3"}],"revision":"registeruser-00024-cix","maxInstanceRequestConcurrency":80,"availableCpu":"1"},"state":"ACTIVE","updateTime":"2026-08-02T09:38:43.779652081Z","labels":{"deployment-tool":"cli-firebase","deployment-callable":"true","firebase-functions-hash":"1c1852a7774f742b5adc399a6cba25494d59abfc"},"environment":"GEN_2","url":"https://us-central1-spend-flow-82e37.cloudfunctions.net/registerUser","createTime":"2026-01-27T07:28:46.756470985Z","satisfiesPzi":true},{"name":"projects/spend-flow-82e37/locations/us-central1/functions/analyzeTransactionText","buildConfig":{"build":"projects/586343572662/locations/us-central1/builds/aae58f3e-0bcc-459e-af54-79928df4feee","runtime":"nodejs22","entryPoint":"analyzeTransactionText","source":{"storageSource":{"bucket":"gcf-v2-sources-586343572662-us-central1","object":"analyzeTransactionText/function-source.zip","generation":"1785663350620012"}},"environmentVariables":{"GOOGLE_NODE_RUN_SCRIPTS":""},"dockerRepository":"projects/spend-flow-82e37/locations/us-central1/repositories/gcf-artifacts","sourceProvenance":{"resolvedStorageSource":{"bucket":"gcf-v2-sources-586343572662-us-central1","object":"analyzeTransactionText/function-source.zip","generation":"1785663350620012"}},"dockerRegistry":"ARTIFACT_REGISTRY","serviceAccount":"projects/spend-flow-82e37/serviceAccounts/586343572662-compute@developer.gserviceaccount.com","automaticUpdatePolicy":{}},"serviceConfig":{"service":"projects/spend-flow-82e37/locations/us-central1/services/analyzetransactiontext","timeoutSeconds":60,"environmentVariables":{"FIREBASE_CONFIG":"{\"projectId\":\"spend-flow-82e37\",\"storageBucket\":\"spend-flow-82e37.firebasestorage.app\"}","GCLOUD_PROJECT":"spend-flow-82e37","EVENTARC_CLOUD_EVENT_SOURCE":"projects/spend-flow-82e37/locations/us-central1/services/analyzeTransactionText","FUNCTION_TARGET":"analyzeTransactionText","LOG_EXECUTION_ID":"true","FUNCTION_SIGNATURE_TYPE":"http","FUNCTION_REGION":"us-central1"},"maxInstanceCount":20,"ingressSettings":"ALLOW_ALL","uri":"https://analyzetransactiontext-dhf3dbyzbq-uc.a.run.app","serviceAccountEmail":"586343572662-compute@developer.gserviceaccount.com","availableMemory":"256Mi","allTrafficOnLatestRevision":true,"secretEnvironmentVariables":[{"key":"GEMINI_API_KEY","projectId":"spend-flow-82e37","secret":"GEMINI_API_KEY","version":"2"}],"revision":"analyzetransactiontext-00037-bik","maxInstanceRequestConcurrency":80,"availableCpu":"1"},"state":"ACTIVE","updateTime":"2026-08-02T09:36:43.488955423Z","labels":{"firebase-functions-hash":"e79e4c85cf9efcf58e2aa71e35738a215371b895","deployment-tool":"cli-firebase","deployment-callable":"true"},"environment":"GEN_2","url":"https://us-central1-spend-flow-82e37.cloudfunctions.net/analyzeTransactionText","createTime":"2025-12-26T08:26:41.820484314Z","satisfiesPzi":true},{"name":"projects/spend-flow-82e37/locations/us-central1/functions/resendOtpRegister","buildConfig":{"build":"projects/586343572662/locations/us-central1/builds/25581bd9-ac42-46c7-b30a-4741e6e01662","runtime":"nodejs22","entryPoint":"resendOtpRegister","source":{"storageSource":{"bucket":"gcf-v2-sources-586343572662-us-central1","object":"resendOtpRegister/function-source.zip","generation":"1785663458358552"}},"environmentVariables":{"GOOGLE_NODE_RUN_SCRIPTS":""},"dockerRepository":"projects/spend-flow-82e37/locations/us-central1/repositories/gcf-artifacts","sourceProvenance":{"resolvedStorageSource":{"bucket":"gcf-v2-sources-586343572662-us-central1","object":"resendOtpRegister/function-source.zip","generation":"1785663458358552"}},"dockerRegistry":"ARTIFACT_REGISTRY","serviceAccount":"projects/spend-flow-82e37/serviceAccounts/586343572662-compute@developer.gserviceaccount.com","automaticUpdatePolicy":{}},"serviceConfig":{"service":"projects/spend-flow-82e37/locations/us-central1/services/resendotpregister","timeoutSeconds":60,"environmentVariables":{"GEMINI_API_KEY":"AQ.Ab8RN6LizdBNtWT_93ybUvgSWRmdk4cnusZEvPk9MQhF3Syh1g","FIREBASE_CONFIG":"{\"projectId\":\"spend-flow-82e37\",\"storageBucket\":\"spend-flow-82e37.firebasestorage.app\"}","GCLOUD_PROJECT":"spend-flow-82e37","EVENTARC_CLOUD_EVENT_SOURCE":"projects/spend-flow-82e37/locations/us-central1/services/resendOtpRegister","FUNCTION_REGION":"us-central1","FUNCTION_TARGET":"resendOtpRegister","LOG_EXECUTION_ID":"true","FUNCTION_SIGNATURE_TYPE":"http"},"maxInstanceCount":3,"ingressSettings":"ALLOW_ALL","uri":"https://resendotpregister-dhf3dbyzbq-uc.a.run.app","serviceAccountEmail":"586343572662-compute@developer.gserviceaccount.com","availableMemory":"256Mi","allTrafficOnLatestRevision":true,"secretEnvironmentVariables":[{"key":"RESEND_API_KEY","projectId":"spend-flow-82e37","secret":"RESEND_API_KEY","version":"3"}],"revision":"resendotpregister-00014-xoc","maxInstanceRequestConcurrency":80,"availableCpu":"1"},"state":"ACTIVE","updateTime":"2026-08-02T09:39:03.021374552Z","labels":{"firebase-functions-hash":"1c1852a7774f742b5adc399a6cba25494d59abfc","deployment-tool":"cli-firebase","deployment-callable":"true"},"environment":"GEN_2","url":"https://us-central1-spend-flow-82e37.cloudfunctions.net/resendOtpRegister","createTime":"2026-01-29T08:01:38.087663623Z","satisfiesPzi":true},{"name":"projects/spend-flow-82e37/locations/us-central1/functions/resetPassword","buildConfig":{"build":"projects/586343572662/locations/us-central1/builds/19967a5f-79e6-4d13-9763-60d2ad3b3180","runtime":"nodejs22","entryPoint":"resetPassword","source":{"storageSource":{"bucket":"gcf-v2-sources-586343572662-us-central1","object":"resetPassword/function-source.zip","generation":"1785663214749727"}},"environmentVariables":{"GOOGLE_NODE_RUN_SCRIPTS":""},"dockerRepository":"projects/spend-flow-82e37/locations/us-central1/repositories/gcf-artifacts","sourceProvenance":{"resolvedStorageSource":{"bucket":"gcf-v2-sources-586343572662-us-central1","object":"resetPassword/function-source.zip","generation":"1785663214749727"}},"dockerRegistry":"ARTIFACT_REGISTRY","serviceAccount":"projects/spend-flow-82e37/serviceAccounts/586343572662-compute@developer.gserviceaccount.com","automaticUpdatePolicy":{}},"serviceConfig":{"service":"projects/spend-flow-82e37/locations/us-central1/services/resetpassword","timeoutSeconds":60,"environmentVariables":{"GEMINI_API_KEY":"AQ.Ab8RN6LizdBNtWT_93ybUvgSWRmdk4cnusZEvPk9MQhF3Syh1g","FIREBASE_CONFIG":"{\"projectId\":\"spend-flow-82e37\",\"storageBucket\":\"spend-flow-82e37.firebasestorage.app\"}","GCLOUD_PROJECT":"spend-flow-82e37","EVENTARC_CLOUD_EVENT_SOURCE":"projects/spend-flow-82e37/locations/us-central1/services/resetPassword","FUNCTION_REGION":"us-central1","FUNCTION_TARGET":"resetPassword","LOG_EXECUTION_ID":"true","FUNCTION_SIGNATURE_TYPE":"http"},"maxInstanceCount":3,"ingressSettings":"ALLOW_ALL","uri":"https://resetpassword-dhf3dbyzbq-uc.a.run.app","serviceAccountEmail":"586343572662-compute@developer.gserviceaccount.com","availableMemory":"256Mi","allTrafficOnLatestRevision":true,"revision":"resetpassword-00022-nuf","maxInstanceRequestConcurrency":80,"availableCpu":"1"},"state":"ACTIVE","updateTime":"2026-08-02T09:33:47.123569290Z","labels":{"deployment-tool":"cli-firebase","deployment-callable":"true","firebase-functions-hash":"b3bad0b6187045b90adaa2008d4861036301fe74"},"environment":"GEN_2","url":"https://us-central1-spend-flow-82e37.cloudfunctions.net/resetPassword","createTime":"2026-01-27T07:28:46.866318455Z","satisfiesPzi":true}]}
[info] i  extensions: ensuring required API firebaseextensions.googleapis.com is enabled... 
[debug] [2026-08-02T09:39:29.834Z] > command requires scopes: ["email","openid","https://www.googleapis.com/auth/cloudplatformprojects.readonly","https://www.googleapis.com/auth/firebase","https://www.googleapis.com/auth/cloud-platform"]
[debug] [2026-08-02T09:39:29.834Z] > authorizing via signed-in user (khiemduong1234@gmail.com)
[debug] [2026-08-02T09:39:29.834Z] [iam] checking project spend-flow-82e37 for permissions ["firebase.projects.get","firebaseextensions.instances.list"]
[debug] [2026-08-02T09:39:29.835Z] Checked if tokens are valid: true, expires at: 1785666689351
[debug] [2026-08-02T09:39:29.835Z] Checked if tokens are valid: true, expires at: 1785666689351
[debug] [2026-08-02T09:39:29.835Z] >>> [apiv2][query] POST https://cloudresourcemanager.googleapis.com/v1/projects/spend-flow-82e37:testIamPermissions [none]
[debug] [2026-08-02T09:39:29.835Z] >>> [apiv2][(partial)header] POST https://cloudresourcemanager.googleapis.com/v1/projects/spend-flow-82e37:testIamPermissions  x-goog-user-project=spend-flow-82e37
[debug] [2026-08-02T09:39:29.835Z] >>> [apiv2][body] POST https://cloudresourcemanager.googleapis.com/v1/projects/spend-flow-82e37:testIamPermissions {"permissions":["firebase.projects.get","firebaseextensions.instances.list"]}
[debug] [2026-08-02T09:39:31.267Z] <<< [apiv2][status] POST https://cloudresourcemanager.googleapis.com/v1/projects/spend-flow-82e37:testIamPermissions 200
[debug] [2026-08-02T09:39:31.268Z] <<< [apiv2][body] POST https://cloudresourcemanager.googleapis.com/v1/projects/spend-flow-82e37:testIamPermissions {"permissions":["firebase.projects.get","firebaseextensions.instances.list"]}
[debug] [2026-08-02T09:39:31.268Z] Checked if tokens are valid: true, expires at: 1785666689351
[debug] [2026-08-02T09:39:31.268Z] Checked if tokens are valid: true, expires at: 1785666689351
[debug] [2026-08-02T09:39:31.268Z] >>> [apiv2][query] GET https://firebaseextensions.googleapis.com/v1beta/projects/spend-flow-82e37/instances pageSize=100&pageToken=
[debug] [2026-08-02T09:39:32.889Z] <<< [apiv2][status] GET https://firebaseextensions.googleapis.com/v1beta/projects/spend-flow-82e37/instances 200
[debug] [2026-08-02T09:39:32.889Z] <<< [apiv2][body] GET https://firebaseextensions.googleapis.com/v1beta/projects/spend-flow-82e37/instances {}
[info] i  functions: Loaded environment variables from .env. 
[debug] [2026-08-02T09:39:32.894Z] Attempting to merge .env secret bindings {} into declared secrets...)}
[debug] [2026-08-02T09:39:32.894Z] registerUser declared secrets: [{"key":"RESEND_API_KEY","secret":"RESEND_API_KEY","projectId":"spend-flow-82e37"}]
[debug] [2026-08-02T09:39:32.894Z] verifyOtpRegister declared secrets: undefined
[debug] [2026-08-02T09:39:32.894Z] resendOtpRegister declared secrets: [{"key":"RESEND_API_KEY","secret":"RESEND_API_KEY","projectId":"spend-flow-82e37"}]
[debug] [2026-08-02T09:39:32.894Z] loginUser declared secrets: undefined
[debug] [2026-08-02T09:39:32.894Z] forgotPassword declared secrets: [{"key":"RESEND_API_KEY","secret":"RESEND_API_KEY","projectId":"spend-flow-82e37"}]
[debug] [2026-08-02T09:39:32.894Z] resetPassword declared secrets: undefined
[debug] [2026-08-02T09:39:32.894Z] analyzeReceiptImage declared secrets: [{"key":"GEMINI_API_KEY","secret":"GEMINI_API_KEY","projectId":"spend-flow-82e37"}]
[debug] [2026-08-02T09:39:32.894Z] analyzeTransactionText declared secrets: [{"key":"GEMINI_API_KEY","secret":"GEMINI_API_KEY","projectId":"spend-flow-82e37"}]
[info] i  functions: preparing functions directory for uploading... 
[info] i  functions: packaged /Users/khiemduong/Project/SpendFlow/functions (98.28 KB) for uploading 
[info] i  functions: ensuring required API run.googleapis.com is enabled... 
[info] i  functions: ensuring required API eventarc.googleapis.com is enabled... 
[info] i  functions: ensuring required API pubsub.googleapis.com is enabled... 
[info] i  functions: ensuring required API storage.googleapis.com is enabled... 
[info] i  functions: generating the service identity for pubsub.googleapis.com... 
[debug] [2026-08-02T09:39:32.933Z] Checked if tokens are valid: true, expires at: 1785666689351
[debug] [2026-08-02T09:39:32.933Z] Checked if tokens are valid: true, expires at: 1785666689351
[info] i  functions: generating the service identity for eventarc.googleapis.com... 
[debug] [2026-08-02T09:39:32.933Z] Checked if tokens are valid: true, expires at: 1785666689351
[debug] [2026-08-02T09:39:32.933Z] Checked if tokens are valid: true, expires at: 1785666689351
[debug] [2026-08-02T09:39:32.933Z] >>> [apiv2][query] POST https://serviceusage.googleapis.com/v1beta1/projects/586343572662/services/pubsub.googleapis.com:generateServiceIdentity [none]
[debug] [2026-08-02T09:39:32.933Z] >>> [apiv2][(partial)header] POST https://serviceusage.googleapis.com/v1beta1/projects/586343572662/services/pubsub.googleapis.com:generateServiceIdentity  x-goog-user-project=586343572662
[debug] [2026-08-02T09:39:32.933Z] >>> [apiv2][body] POST https://serviceusage.googleapis.com/v1beta1/projects/586343572662/services/pubsub.googleapis.com:generateServiceIdentity {}
[debug] [2026-08-02T09:39:32.934Z] >>> [apiv2][query] POST https://serviceusage.googleapis.com/v1beta1/projects/586343572662/services/eventarc.googleapis.com:generateServiceIdentity [none]
[debug] [2026-08-02T09:39:32.934Z] >>> [apiv2][(partial)header] POST https://serviceusage.googleapis.com/v1beta1/projects/586343572662/services/eventarc.googleapis.com:generateServiceIdentity  x-goog-user-project=586343572662
[debug] [2026-08-02T09:39:32.934Z] >>> [apiv2][body] POST https://serviceusage.googleapis.com/v1beta1/projects/586343572662/services/eventarc.googleapis.com:generateServiceIdentity {}
[debug] [2026-08-02T09:39:34.544Z] <<< [apiv2][status] POST https://serviceusage.googleapis.com/v1beta1/projects/586343572662/services/eventarc.googleapis.com:generateServiceIdentity 200
[debug] [2026-08-02T09:39:34.544Z] <<< [apiv2][body] POST https://serviceusage.googleapis.com/v1beta1/projects/586343572662/services/eventarc.googleapis.com:generateServiceIdentity {"name":"operations/finished.DONE_OPERATION","done":true,"response":{"@type":"type.googleapis.com/google.api.serviceusage.v1beta1.ServiceIdentity","email":"service-586343572662@gcp-sa-eventarc.iam.gserviceaccount.com","uniqueId":"112598042956587250899"}}
[debug] [2026-08-02T09:39:34.571Z] <<< [apiv2][status] POST https://serviceusage.googleapis.com/v1beta1/projects/586343572662/services/pubsub.googleapis.com:generateServiceIdentity 200
[debug] [2026-08-02T09:39:34.571Z] <<< [apiv2][body] POST https://serviceusage.googleapis.com/v1beta1/projects/586343572662/services/pubsub.googleapis.com:generateServiceIdentity {"name":"operations/finished.DONE_OPERATION","done":true,"response":{"@type":"type.googleapis.com/google.api.serviceusage.v1beta1.ServiceIdentity","email":"service-586343572662@gcp-sa-pubsub.iam.gserviceaccount.com","uniqueId":"118287210495389029854"}}
[info] i  functions: ensuring required API secretmanager.googleapis.com is enabled... 
[debug] [2026-08-02T09:39:34.573Z] Checked if tokens are valid: true, expires at: 1785666689351
[debug] [2026-08-02T09:39:34.573Z] Checked if tokens are valid: true, expires at: 1785666689351
[debug] [2026-08-02T09:39:34.573Z] Checked if tokens are valid: true, expires at: 1785666689351
[debug] [2026-08-02T09:39:34.573Z] Checked if tokens are valid: true, expires at: 1785666689351
[debug] [2026-08-02T09:39:34.574Z] >>> [apiv2][query] GET https://secretmanager.googleapis.com/v1/projects/spend-flow-82e37/secrets/RESEND_API_KEY/versions/latest [none]
[debug] [2026-08-02T09:39:34.575Z] >>> [apiv2][query] GET https://secretmanager.googleapis.com/v1/projects/spend-flow-82e37/secrets/GEMINI_API_KEY/versions/latest [none]
[debug] [2026-08-02T09:39:34.999Z] <<< [apiv2][status] GET https://secretmanager.googleapis.com/v1/projects/spend-flow-82e37/secrets/GEMINI_API_KEY/versions/latest 200
[debug] [2026-08-02T09:39:34.999Z] <<< [apiv2][body] GET https://secretmanager.googleapis.com/v1/projects/spend-flow-82e37/secrets/GEMINI_API_KEY/versions/latest {"name":"projects/586343572662/secrets/GEMINI_API_KEY/versions/2","createTime":"2026-08-02T09:35:41.162995Z","state":"ENABLED","replicationStatus":{"automatic":{}},"etag":"\"16580d252371f3\""}
[debug] [2026-08-02T09:39:35.000Z] Resolved latest secret version of GEMINI_API_KEY to 2.
[debug] [2026-08-02T09:39:35.000Z] <<< [apiv2][status] GET https://secretmanager.googleapis.com/v1/projects/spend-flow-82e37/secrets/RESEND_API_KEY/versions/latest 200
[debug] [2026-08-02T09:39:35.000Z] <<< [apiv2][body] GET https://secretmanager.googleapis.com/v1/projects/spend-flow-82e37/secrets/RESEND_API_KEY/versions/latest {"name":"projects/586343572662/secrets/RESEND_API_KEY/versions/3","createTime":"2026-08-02T09:37:27.870427Z","state":"ENABLED","replicationStatus":{"automatic":{}},"etag":"\"16580d2b7fabdb\""}
[debug] [2026-08-02T09:39:35.000Z] Resolved latest secret version of RESEND_API_KEY to 3.
[debug] [2026-08-02T09:39:35.002Z] Checked if tokens are valid: true, expires at: 1785666689351
[debug] [2026-08-02T09:39:35.002Z] Checked if tokens are valid: true, expires at: 1785666689351
[debug] [2026-08-02T09:39:35.002Z] >>> [apiv2][query] GET https://cloudresourcemanager.googleapis.com/v1/projects/spend-flow-82e37 [none]
[debug] [2026-08-02T09:39:35.364Z] <<< [apiv2][status] GET https://cloudresourcemanager.googleapis.com/v1/projects/spend-flow-82e37 200
[debug] [2026-08-02T09:39:35.364Z] <<< [apiv2][body] GET https://cloudresourcemanager.googleapis.com/v1/projects/spend-flow-82e37 {"projectNumber":"586343572662","projectId":"spend-flow-82e37","lifecycleState":"ACTIVE","name":"Spend Flow ","labels":{"firebase":"enabled","firebase-core":"disabled"},"createTime":"2025-12-20T07:51:34.102068Z"}
[debug] [2026-08-02T09:39:35.365Z] Checked if tokens are valid: true, expires at: 1785666689351
[debug] [2026-08-02T09:39:35.365Z] Checked if tokens are valid: true, expires at: 1785666689351
[debug] [2026-08-02T09:39:35.365Z] >>> [apiv2][query] GET https://compute.googleapis.com/compute/v1/projects/586343572662 [none]
[debug] [2026-08-02T09:39:35.871Z] <<< [apiv2][status] GET https://compute.googleapis.com/compute/v1/projects/586343572662 403
[debug] [2026-08-02T09:39:35.872Z] <<< [apiv2][body] GET https://compute.googleapis.com/compute/v1/projects/586343572662 {"error":{"code":403,"message":"Compute Engine API has not been used in project 586343572662 before or it is disabled. Enable it by visiting https://console.developers.google.com/apis/api/compute.googleapis.com/overview?project=586343572662 then retry. If you enabled this API recently, wait a few minutes for the action to propagate to our systems and retry.","errors":[{"message":"Compute Engine API has not been used in project 586343572662 before or it is disabled. Enable it by visiting https://console.developers.google.com/apis/api/compute.googleapis.com/overview?project=586343572662 then retry. If you enabled this API recently, wait a few minutes for the action to propagate to our systems and retry.","domain":"usageLimits","reason":"accessNotConfigured","extendedHelp":"https://console.developers.google.com"}],"status":"PERMISSION_DENIED","details":[{"@type":"type.googleapis.com/google.rpc.ErrorInfo","reason":"SERVICE_DISABLED","domain":"googleapis.com","metadata":{"containerInfo":"586343572662","activationUrl":"https://console.developers.google.com/apis/api/compute.googleapis.com/overview?project=586343572662","serviceTitle":"Compute Engine API","service":"compute.googleapis.com","consumer":"projects/586343572662"}},{"@type":"type.googleapis.com/google.rpc.LocalizedMessage","locale":"en-US","message":"Compute Engine API has not been used in project 586343572662 before or it is disabled. Enable it by visiting https://console.developers.google.com/apis/api/compute.googleapis.com/overview?project=586343572662 then retry. If you enabled this API recently, wait a few minutes for the action to propagate to our systems and retry."},{"@type":"type.googleapis.com/google.rpc.Help","links":[{"description":"Google developers console API activation","url":"https://console.developers.google.com/apis/api/compute.googleapis.com/overview?project=586343572662"}]}]}}
[debug] [2026-08-02T09:39:35.872Z] unable to look up default compute service account. Falling back to 586343572662-compute@developer.gserviceaccount.com. Error: {"name":"FirebaseError","children":[],"context":{"body":{"error":{"code":403,"message":"Compute Engine API has not been used in project 586343572662 before or it is disabled. Enable it by visiting https://console.developers.google.com/apis/api/compute.googleapis.com/overview?project=586343572662 then retry. If you enabled this API recently, wait a few minutes for the action to propagate to our systems and retry.","errors":[{"message":"Compute Engine API has not been used in project 586343572662 before or it is disabled. Enable it by visiting https://console.developers.google.com/apis/api/compute.googleapis.com/overview?project=586343572662 then retry. If you enabled this API recently, wait a few minutes for the action to propagate to our systems and retry.","domain":"usageLimits","reason":"accessNotConfigured","extendedHelp":"https://console.developers.google.com"}],"status":"PERMISSION_DENIED","details":[{"@type":"type.googleapis.com/google.rpc.ErrorInfo","reason":"SERVICE_DISABLED","domain":"googleapis.com","metadata":{"containerInfo":"586343572662","activationUrl":"https://console.developers.google.com/apis/api/compute.googleapis.com/overview?project=586343572662","serviceTitle":"Compute Engine API","service":"compute.googleapis.com","consumer":"projects/586343572662"}},{"@type":"type.googleapis.com/google.rpc.LocalizedMessage","locale":"en-US","message":"Compute Engine API has not been used in project 586343572662 before or it is disabled. Enable it by visiting https://console.developers.google.com/apis/api/compute.googleapis.com/overview?project=586343572662 then retry. If you enabled this API recently, wait a few minutes for the action to propagate to our systems and retry."},{"@type":"type.googleapis.com/google.rpc.Help","links":[{"description":"Google developers console API activation","url":"https://console.developers.google.com/apis/api/compute.googleapis.com/overview?project=586343572662"}]}]}},"response":{"statusCode":403}},"exit":1,"message":"Request to https://compute.googleapis.com/compute/v1/projects/586343572662 had HTTP Error: 403, Compute Engine API has not been used in project 586343572662 before or it is disabled. Enable it by visiting https://console.developers.google.com/apis/api/compute.googleapis.com/overview?project=586343572662 then retry. If you enabled this API recently, wait a few minutes for the action to propagate to our systems and retry.","status":403}
[debug] [2026-08-02T09:39:35.872Z] Checked if tokens are valid: true, expires at: 1785666689351
[debug] [2026-08-02T09:39:35.872Z] Checked if tokens are valid: true, expires at: 1785666689351
[debug] [2026-08-02T09:39:35.872Z] >>> [apiv2][query] GET https://compute.googleapis.com/compute/v1/projects/586343572662 [none]
[debug] [2026-08-02T09:39:36.285Z] <<< [apiv2][status] GET https://compute.googleapis.com/compute/v1/projects/586343572662 403
[debug] [2026-08-02T09:39:36.285Z] <<< [apiv2][body] GET https://compute.googleapis.com/compute/v1/projects/586343572662 {"error":{"code":403,"message":"Compute Engine API has not been used in project 586343572662 before or it is disabled. Enable it by visiting https://console.developers.google.com/apis/api/compute.googleapis.com/overview?project=586343572662 then retry. If you enabled this API recently, wait a few minutes for the action to propagate to our systems and retry.","errors":[{"message":"Compute Engine API has not been used in project 586343572662 before or it is disabled. Enable it by visiting https://console.developers.google.com/apis/api/compute.googleapis.com/overview?project=586343572662 then retry. If you enabled this API recently, wait a few minutes for the action to propagate to our systems and retry.","domain":"usageLimits","reason":"accessNotConfigured","extendedHelp":"https://console.developers.google.com"}],"status":"PERMISSION_DENIED","details":[{"@type":"type.googleapis.com/google.rpc.ErrorInfo","reason":"SERVICE_DISABLED","domain":"googleapis.com","metadata":{"service":"compute.googleapis.com","serviceTitle":"Compute Engine API","activationUrl":"https://console.developers.google.com/apis/api/compute.googleapis.com/overview?project=586343572662","containerInfo":"586343572662","consumer":"projects/586343572662"}},{"@type":"type.googleapis.com/google.rpc.LocalizedMessage","locale":"en-US","message":"Compute Engine API has not been used in project 586343572662 before or it is disabled. Enable it by visiting https://console.developers.google.com/apis/api/compute.googleapis.com/overview?project=586343572662 then retry. If you enabled this API recently, wait a few minutes for the action to propagate to our systems and retry."},{"@type":"type.googleapis.com/google.rpc.Help","links":[{"description":"Google developers console API activation","url":"https://console.developers.google.com/apis/api/compute.googleapis.com/overview?project=586343572662"}]}]}}
[debug] [2026-08-02T09:39:36.285Z] unable to look up default compute service account. Falling back to 586343572662-compute@developer.gserviceaccount.com. Error: {"name":"FirebaseError","children":[],"context":{"body":{"error":{"code":403,"message":"Compute Engine API has not been used in project 586343572662 before or it is disabled. Enable it by visiting https://console.developers.google.com/apis/api/compute.googleapis.com/overview?project=586343572662 then retry. If you enabled this API recently, wait a few minutes for the action to propagate to our systems and retry.","errors":[{"message":"Compute Engine API has not been used in project 586343572662 before or it is disabled. Enable it by visiting https://console.developers.google.com/apis/api/compute.googleapis.com/overview?project=586343572662 then retry. If you enabled this API recently, wait a few minutes for the action to propagate to our systems and retry.","domain":"usageLimits","reason":"accessNotConfigured","extendedHelp":"https://console.developers.google.com"}],"status":"PERMISSION_DENIED","details":[{"@type":"type.googleapis.com/google.rpc.ErrorInfo","reason":"SERVICE_DISABLED","domain":"googleapis.com","metadata":{"service":"compute.googleapis.com","serviceTitle":"Compute Engine API","activationUrl":"https://console.developers.google.com/apis/api/compute.googleapis.com/overview?project=586343572662","containerInfo":"586343572662","consumer":"projects/586343572662"}},{"@type":"type.googleapis.com/google.rpc.LocalizedMessage","locale":"en-US","message":"Compute Engine API has not been used in project 586343572662 before or it is disabled. Enable it by visiting https://console.developers.google.com/apis/api/compute.googleapis.com/overview?project=586343572662 then retry. If you enabled this API recently, wait a few minutes for the action to propagate to our systems and retry."},{"@type":"type.googleapis.com/google.rpc.Help","links":[{"description":"Google developers console API activation","url":"https://console.developers.google.com/apis/api/compute.googleapis.com/overview?project=586343572662"}]}]}},"response":{"statusCode":403}},"exit":1,"message":"Request to https://compute.googleapis.com/compute/v1/projects/586343572662 had HTTP Error: 403, Compute Engine API has not been used in project 586343572662 before or it is disabled. Enable it by visiting https://console.developers.google.com/apis/api/compute.googleapis.com/overview?project=586343572662 then retry. If you enabled this API recently, wait a few minutes for the action to propagate to our systems and retry.","status":403}
[debug] [2026-08-02T09:39:36.285Z] Checked if tokens are valid: true, expires at: 1785666689351
[debug] [2026-08-02T09:39:36.286Z] Checked if tokens are valid: true, expires at: 1785666689351
[debug] [2026-08-02T09:39:36.286Z] >>> [apiv2][query] GET https://compute.googleapis.com/compute/v1/projects/586343572662 [none]
[debug] [2026-08-02T09:39:36.697Z] <<< [apiv2][status] GET https://compute.googleapis.com/compute/v1/projects/586343572662 403
[debug] [2026-08-02T09:39:36.697Z] <<< [apiv2][body] GET https://compute.googleapis.com/compute/v1/projects/586343572662 {"error":{"code":403,"message":"Compute Engine API has not been used in project 586343572662 before or it is disabled. Enable it by visiting https://console.developers.google.com/apis/api/compute.googleapis.com/overview?project=586343572662 then retry. If you enabled this API recently, wait a few minutes for the action to propagate to our systems and retry.","errors":[{"message":"Compute Engine API has not been used in project 586343572662 before or it is disabled. Enable it by visiting https://console.developers.google.com/apis/api/compute.googleapis.com/overview?project=586343572662 then retry. If you enabled this API recently, wait a few minutes for the action to propagate to our systems and retry.","domain":"usageLimits","reason":"accessNotConfigured","extendedHelp":"https://console.developers.google.com"}],"status":"PERMISSION_DENIED","details":[{"@type":"type.googleapis.com/google.rpc.ErrorInfo","reason":"SERVICE_DISABLED","domain":"googleapis.com","metadata":{"service":"compute.googleapis.com","containerInfo":"586343572662","activationUrl":"https://console.developers.google.com/apis/api/compute.googleapis.com/overview?project=586343572662","serviceTitle":"Compute Engine API","consumer":"projects/586343572662"}},{"@type":"type.googleapis.com/google.rpc.LocalizedMessage","locale":"en-US","message":"Compute Engine API has not been used in project 586343572662 before or it is disabled. Enable it by visiting https://console.developers.google.com/apis/api/compute.googleapis.com/overview?project=586343572662 then retry. If you enabled this API recently, wait a few minutes for the action to propagate to our systems and retry."},{"@type":"type.googleapis.com/google.rpc.Help","links":[{"description":"Google developers console API activation","url":"https://console.developers.google.com/apis/api/compute.googleapis.com/overview?project=586343572662"}]}]}}
[debug] [2026-08-02T09:39:36.697Z] unable to look up default compute service account. Falling back to 586343572662-compute@developer.gserviceaccount.com. Error: {"name":"FirebaseError","children":[],"context":{"body":{"error":{"code":403,"message":"Compute Engine API has not been used in project 586343572662 before or it is disabled. Enable it by visiting https://console.developers.google.com/apis/api/compute.googleapis.com/overview?project=586343572662 then retry. If you enabled this API recently, wait a few minutes for the action to propagate to our systems and retry.","errors":[{"message":"Compute Engine API has not been used in project 586343572662 before or it is disabled. Enable it by visiting https://console.developers.google.com/apis/api/compute.googleapis.com/overview?project=586343572662 then retry. If you enabled this API recently, wait a few minutes for the action to propagate to our systems and retry.","domain":"usageLimits","reason":"accessNotConfigured","extendedHelp":"https://console.developers.google.com"}],"status":"PERMISSION_DENIED","details":[{"@type":"type.googleapis.com/google.rpc.ErrorInfo","reason":"SERVICE_DISABLED","domain":"googleapis.com","metadata":{"service":"compute.googleapis.com","containerInfo":"586343572662","activationUrl":"https://console.developers.google.com/apis/api/compute.googleapis.com/overview?project=586343572662","serviceTitle":"Compute Engine API","consumer":"projects/586343572662"}},{"@type":"type.googleapis.com/google.rpc.LocalizedMessage","locale":"en-US","message":"Compute Engine API has not been used in project 586343572662 before or it is disabled. Enable it by visiting https://console.developers.google.com/apis/api/compute.googleapis.com/overview?project=586343572662 then retry. If you enabled this API recently, wait a few minutes for the action to propagate to our systems and retry."},{"@type":"type.googleapis.com/google.rpc.Help","links":[{"description":"Google developers console API activation","url":"https://console.developers.google.com/apis/api/compute.googleapis.com/overview?project=586343572662"}]}]}},"response":{"statusCode":403}},"exit":1,"message":"Request to https://compute.googleapis.com/compute/v1/projects/586343572662 had HTTP Error: 403, Compute Engine API has not been used in project 586343572662 before or it is disabled. Enable it by visiting https://console.developers.google.com/apis/api/compute.googleapis.com/overview?project=586343572662 then retry. If you enabled this API recently, wait a few minutes for the action to propagate to our systems and retry.","status":403}
[debug] [2026-08-02T09:39:36.697Z] Checked if tokens are valid: true, expires at: 1785666689351
[debug] [2026-08-02T09:39:36.697Z] Checked if tokens are valid: true, expires at: 1785666689351
[debug] [2026-08-02T09:39:36.697Z] >>> [apiv2][query] GET https://compute.googleapis.com/compute/v1/projects/586343572662 [none]
[debug] [2026-08-02T09:39:37.016Z] <<< [apiv2][status] GET https://compute.googleapis.com/compute/v1/projects/586343572662 403
[debug] [2026-08-02T09:39:37.016Z] <<< [apiv2][body] GET https://compute.googleapis.com/compute/v1/projects/586343572662 {"error":{"code":403,"message":"Compute Engine API has not been used in project 586343572662 before or it is disabled. Enable it by visiting https://console.developers.google.com/apis/api/compute.googleapis.com/overview?project=586343572662 then retry. If you enabled this API recently, wait a few minutes for the action to propagate to our systems and retry.","errors":[{"message":"Compute Engine API has not been used in project 586343572662 before or it is disabled. Enable it by visiting https://console.developers.google.com/apis/api/compute.googleapis.com/overview?project=586343572662 then retry. If you enabled this API recently, wait a few minutes for the action to propagate to our systems and retry.","domain":"usageLimits","reason":"accessNotConfigured","extendedHelp":"https://console.developers.google.com"}],"status":"PERMISSION_DENIED","details":[{"@type":"type.googleapis.com/google.rpc.ErrorInfo","reason":"SERVICE_DISABLED","domain":"googleapis.com","metadata":{"activationUrl":"https://console.developers.google.com/apis/api/compute.googleapis.com/overview?project=586343572662","containerInfo":"586343572662","service":"compute.googleapis.com","consumer":"projects/586343572662","serviceTitle":"Compute Engine API"}},{"@type":"type.googleapis.com/google.rpc.LocalizedMessage","locale":"en-US","message":"Compute Engine API has not been used in project 586343572662 before or it is disabled. Enable it by visiting https://console.developers.google.com/apis/api/compute.googleapis.com/overview?project=586343572662 then retry. If you enabled this API recently, wait a few minutes for the action to propagate to our systems and retry."},{"@type":"type.googleapis.com/google.rpc.Help","links":[{"description":"Google developers console API activation","url":"https://console.developers.google.com/apis/api/compute.googleapis.com/overview?project=586343572662"}]}]}}
[debug] [2026-08-02T09:39:37.017Z] unable to look up default compute service account. Falling back to 586343572662-compute@developer.gserviceaccount.com. Error: {"name":"FirebaseError","children":[],"context":{"body":{"error":{"code":403,"message":"Compute Engine API has not been used in project 586343572662 before or it is disabled. Enable it by visiting https://console.developers.google.com/apis/api/compute.googleapis.com/overview?project=586343572662 then retry. If you enabled this API recently, wait a few minutes for the action to propagate to our systems and retry.","errors":[{"message":"Compute Engine API has not been used in project 586343572662 before or it is disabled. Enable it by visiting https://console.developers.google.com/apis/api/compute.googleapis.com/overview?project=586343572662 then retry. If you enabled this API recently, wait a few minutes for the action to propagate to our systems and retry.","domain":"usageLimits","reason":"accessNotConfigured","extendedHelp":"https://console.developers.google.com"}],"status":"PERMISSION_DENIED","details":[{"@type":"type.googleapis.com/google.rpc.ErrorInfo","reason":"SERVICE_DISABLED","domain":"googleapis.com","metadata":{"activationUrl":"https://console.developers.google.com/apis/api/compute.googleapis.com/overview?project=586343572662","containerInfo":"586343572662","service":"compute.googleapis.com","consumer":"projects/586343572662","serviceTitle":"Compute Engine API"}},{"@type":"type.googleapis.com/google.rpc.LocalizedMessage","locale":"en-US","message":"Compute Engine API has not been used in project 586343572662 before or it is disabled. Enable it by visiting https://console.developers.google.com/apis/api/compute.googleapis.com/overview?project=586343572662 then retry. If you enabled this API recently, wait a few minutes for the action to propagate to our systems and retry."},{"@type":"type.googleapis.com/google.rpc.Help","links":[{"description":"Google developers console API activation","url":"https://console.developers.google.com/apis/api/compute.googleapis.com/overview?project=586343572662"}]}]}},"response":{"statusCode":403}},"exit":1,"message":"Request to https://compute.googleapis.com/compute/v1/projects/586343572662 had HTTP Error: 403, Compute Engine API has not been used in project 586343572662 before or it is disabled. Enable it by visiting https://console.developers.google.com/apis/api/compute.googleapis.com/overview?project=586343572662 then retry. If you enabled this API recently, wait a few minutes for the action to propagate to our systems and retry.","status":403}
[debug] [2026-08-02T09:39:37.017Z] Checked if tokens are valid: true, expires at: 1785666689351
[debug] [2026-08-02T09:39:37.017Z] Checked if tokens are valid: true, expires at: 1785666689351
[debug] [2026-08-02T09:39:37.017Z] >>> [apiv2][query] GET https://compute.googleapis.com/compute/v1/projects/586343572662 [none]
[debug] [2026-08-02T09:39:37.421Z] <<< [apiv2][status] GET https://compute.googleapis.com/compute/v1/projects/586343572662 403
[debug] [2026-08-02T09:39:37.421Z] <<< [apiv2][body] GET https://compute.googleapis.com/compute/v1/projects/586343572662 {"error":{"code":403,"message":"Compute Engine API has not been used in project 586343572662 before or it is disabled. Enable it by visiting https://console.developers.google.com/apis/api/compute.googleapis.com/overview?project=586343572662 then retry. If you enabled this API recently, wait a few minutes for the action to propagate to our systems and retry.","errors":[{"message":"Compute Engine API has not been used in project 586343572662 before or it is disabled. Enable it by visiting https://console.developers.google.com/apis/api/compute.googleapis.com/overview?project=586343572662 then retry. If you enabled this API recently, wait a few minutes for the action to propagate to our systems and retry.","domain":"usageLimits","reason":"accessNotConfigured","extendedHelp":"https://console.developers.google.com"}],"status":"PERMISSION_DENIED","details":[{"@type":"type.googleapis.com/google.rpc.ErrorInfo","reason":"SERVICE_DISABLED","domain":"googleapis.com","metadata":{"serviceTitle":"Compute Engine API","consumer":"projects/586343572662","activationUrl":"https://console.developers.google.com/apis/api/compute.googleapis.com/overview?project=586343572662","service":"compute.googleapis.com","containerInfo":"586343572662"}},{"@type":"type.googleapis.com/google.rpc.LocalizedMessage","locale":"en-US","message":"Compute Engine API has not been used in project 586343572662 before or it is disabled. Enable it by visiting https://console.developers.google.com/apis/api/compute.googleapis.com/overview?project=586343572662 then retry. If you enabled this API recently, wait a few minutes for the action to propagate to our systems and retry."},{"@type":"type.googleapis.com/google.rpc.Help","links":[{"description":"Google developers console API activation","url":"https://console.developers.google.com/apis/api/compute.googleapis.com/overview?project=586343572662"}]}]}}
[debug] [2026-08-02T09:39:37.421Z] unable to look up default compute service account. Falling back to 586343572662-compute@developer.gserviceaccount.com. Error: {"name":"FirebaseError","children":[],"context":{"body":{"error":{"code":403,"message":"Compute Engine API has not been used in project 586343572662 before or it is disabled. Enable it by visiting https://console.developers.google.com/apis/api/compute.googleapis.com/overview?project=586343572662 then retry. If you enabled this API recently, wait a few minutes for the action to propagate to our systems and retry.","errors":[{"message":"Compute Engine API has not been used in project 586343572662 before or it is disabled. Enable it by visiting https://console.developers.google.com/apis/api/compute.googleapis.com/overview?project=586343572662 then retry. If you enabled this API recently, wait a few minutes for the action to propagate to our systems and retry.","domain":"usageLimits","reason":"accessNotConfigured","extendedHelp":"https://console.developers.google.com"}],"status":"PERMISSION_DENIED","details":[{"@type":"type.googleapis.com/google.rpc.ErrorInfo","reason":"SERVICE_DISABLED","domain":"googleapis.com","metadata":{"serviceTitle":"Compute Engine API","consumer":"projects/586343572662","activationUrl":"https://console.developers.google.com/apis/api/compute.googleapis.com/overview?project=586343572662","service":"compute.googleapis.com","containerInfo":"586343572662"}},{"@type":"type.googleapis.com/google.rpc.LocalizedMessage","locale":"en-US","message":"Compute Engine API has not been used in project 586343572662 before or it is disabled. Enable it by visiting https://console.developers.google.com/apis/api/compute.googleapis.com/overview?project=586343572662 then retry. If you enabled this API recently, wait a few minutes for the action to propagate to our systems and retry."},{"@type":"type.googleapis.com/google.rpc.Help","links":[{"description":"Google developers console API activation","url":"https://console.developers.google.com/apis/api/compute.googleapis.com/overview?project=586343572662"}]}]}},"response":{"statusCode":403}},"exit":1,"message":"Request to https://compute.googleapis.com/compute/v1/projects/586343572662 had HTTP Error: 403, Compute Engine API has not been used in project 586343572662 before or it is disabled. Enable it by visiting https://console.developers.google.com/apis/api/compute.googleapis.com/overview?project=586343572662 then retry. If you enabled this API recently, wait a few minutes for the action to propagate to our systems and retry.","status":403}
[debug] [2026-08-02T09:39:37.422Z] Checked if tokens are valid: true, expires at: 1785666689351
[debug] [2026-08-02T09:39:37.422Z] Checked if tokens are valid: true, expires at: 1785666689351
[debug] [2026-08-02T09:39:37.422Z] >>> [apiv2][query] GET https://compute.googleapis.com/compute/v1/projects/586343572662 [none]
[debug] [2026-08-02T09:39:38.843Z] <<< [apiv2][status] GET https://compute.googleapis.com/compute/v1/projects/586343572662 403
[debug] [2026-08-02T09:39:38.843Z] <<< [apiv2][body] GET https://compute.googleapis.com/compute/v1/projects/586343572662 {"error":{"code":403,"message":"Compute Engine API has not been used in project 586343572662 before or it is disabled. Enable it by visiting https://console.developers.google.com/apis/api/compute.googleapis.com/overview?project=586343572662 then retry. If you enabled this API recently, wait a few minutes for the action to propagate to our systems and retry.","errors":[{"message":"Compute Engine API has not been used in project 586343572662 before or it is disabled. Enable it by visiting https://console.developers.google.com/apis/api/compute.googleapis.com/overview?project=586343572662 then retry. If you enabled this API recently, wait a few minutes for the action to propagate to our systems and retry.","domain":"usageLimits","reason":"accessNotConfigured","extendedHelp":"https://console.developers.google.com"}],"status":"PERMISSION_DENIED","details":[{"@type":"type.googleapis.com/google.rpc.ErrorInfo","reason":"SERVICE_DISABLED","domain":"googleapis.com","metadata":{"service":"compute.googleapis.com","consumer":"projects/586343572662","serviceTitle":"Compute Engine API","activationUrl":"https://console.developers.google.com/apis/api/compute.googleapis.com/overview?project=586343572662","containerInfo":"586343572662"}},{"@type":"type.googleapis.com/google.rpc.LocalizedMessage","locale":"en-US","message":"Compute Engine API has not been used in project 586343572662 before or it is disabled. Enable it by visiting https://console.developers.google.com/apis/api/compute.googleapis.com/overview?project=586343572662 then retry. If you enabled this API recently, wait a few minutes for the action to propagate to our systems and retry."},{"@type":"type.googleapis.com/google.rpc.Help","links":[{"description":"Google developers console API activation","url":"https://console.developers.google.com/apis/api/compute.googleapis.com/overview?project=586343572662"}]}]}}
[debug] [2026-08-02T09:39:38.843Z] unable to look up default compute service account. Falling back to 586343572662-compute@developer.gserviceaccount.com. Error: {"name":"FirebaseError","children":[],"context":{"body":{"error":{"code":403,"message":"Compute Engine API has not been used in project 586343572662 before or it is disabled. Enable it by visiting https://console.developers.google.com/apis/api/compute.googleapis.com/overview?project=586343572662 then retry. If you enabled this API recently, wait a few minutes for the action to propagate to our systems and retry.","errors":[{"message":"Compute Engine API has not been used in project 586343572662 before or it is disabled. Enable it by visiting https://console.developers.google.com/apis/api/compute.googleapis.com/overview?project=586343572662 then retry. If you enabled this API recently, wait a few minutes for the action to propagate to our systems and retry.","domain":"usageLimits","reason":"accessNotConfigured","extendedHelp":"https://console.developers.google.com"}],"status":"PERMISSION_DENIED","details":[{"@type":"type.googleapis.com/google.rpc.ErrorInfo","reason":"SERVICE_DISABLED","domain":"googleapis.com","metadata":{"service":"compute.googleapis.com","consumer":"projects/586343572662","serviceTitle":"Compute Engine API","activationUrl":"https://console.developers.google.com/apis/api/compute.googleapis.com/overview?project=586343572662","containerInfo":"586343572662"}},{"@type":"type.googleapis.com/google.rpc.LocalizedMessage","locale":"en-US","message":"Compute Engine API has not been used in project 586343572662 before or it is disabled. Enable it by visiting https://console.developers.google.com/apis/api/compute.googleapis.com/overview?project=586343572662 then retry. If you enabled this API recently, wait a few minutes for the action to propagate to our systems and retry."},{"@type":"type.googleapis.com/google.rpc.Help","links":[{"description":"Google developers console API activation","url":"https://console.developers.google.com/apis/api/compute.googleapis.com/overview?project=586343572662"}]}]}},"response":{"statusCode":403}},"exit":1,"message":"Request to https://compute.googleapis.com/compute/v1/projects/586343572662 had HTTP Error: 403, Compute Engine API has not been used in project 586343572662 before or it is disabled. Enable it by visiting https://console.developers.google.com/apis/api/compute.googleapis.com/overview?project=586343572662 then retry. If you enabled this API recently, wait a few minutes for the action to propagate to our systems and retry.","status":403}
[debug] [2026-08-02T09:39:38.844Z] Checked if tokens are valid: true, expires at: 1785666689351
[debug] [2026-08-02T09:39:38.844Z] Checked if tokens are valid: true, expires at: 1785666689351
[debug] [2026-08-02T09:39:38.844Z] >>> [apiv2][query] GET https://compute.googleapis.com/compute/v1/projects/586343572662 [none]
[debug] [2026-08-02T09:39:39.157Z] <<< [apiv2][status] GET https://compute.googleapis.com/compute/v1/projects/586343572662 403
[debug] [2026-08-02T09:39:39.157Z] <<< [apiv2][body] GET https://compute.googleapis.com/compute/v1/projects/586343572662 {"error":{"code":403,"message":"Compute Engine API has not been used in project 586343572662 before or it is disabled. Enable it by visiting https://console.developers.google.com/apis/api/compute.googleapis.com/overview?project=586343572662 then retry. If you enabled this API recently, wait a few minutes for the action to propagate to our systems and retry.","errors":[{"message":"Compute Engine API has not been used in project 586343572662 before or it is disabled. Enable it by visiting https://console.developers.google.com/apis/api/compute.googleapis.com/overview?project=586343572662 then retry. If you enabled this API recently, wait a few minutes for the action to propagate to our systems and retry.","domain":"usageLimits","reason":"accessNotConfigured","extendedHelp":"https://console.developers.google.com"}],"status":"PERMISSION_DENIED","details":[{"@type":"type.googleapis.com/google.rpc.ErrorInfo","reason":"SERVICE_DISABLED","domain":"googleapis.com","metadata":{"serviceTitle":"Compute Engine API","containerInfo":"586343572662","activationUrl":"https://console.developers.google.com/apis/api/compute.googleapis.com/overview?project=586343572662","service":"compute.googleapis.com","consumer":"projects/586343572662"}},{"@type":"type.googleapis.com/google.rpc.LocalizedMessage","locale":"en-US","message":"Compute Engine API has not been used in project 586343572662 before or it is disabled. Enable it by visiting https://console.developers.google.com/apis/api/compute.googleapis.com/overview?project=586343572662 then retry. If you enabled this API recently, wait a few minutes for the action to propagate to our systems and retry."},{"@type":"type.googleapis.com/google.rpc.Help","links":[{"description":"Google developers console API activation","url":"https://console.developers.google.com/apis/api/compute.googleapis.com/overview?project=586343572662"}]}]}}
[debug] [2026-08-02T09:39:39.158Z] unable to look up default compute service account. Falling back to 586343572662-compute@developer.gserviceaccount.com. Error: {"name":"FirebaseError","children":[],"context":{"body":{"error":{"code":403,"message":"Compute Engine API has not been used in project 586343572662 before or it is disabled. Enable it by visiting https://console.developers.google.com/apis/api/compute.googleapis.com/overview?project=586343572662 then retry. If you enabled this API recently, wait a few minutes for the action to propagate to our systems and retry.","errors":[{"message":"Compute Engine API has not been used in project 586343572662 before or it is disabled. Enable it by visiting https://console.developers.google.com/apis/api/compute.googleapis.com/overview?project=586343572662 then retry. If you enabled this API recently, wait a few minutes for the action to propagate to our systems and retry.","domain":"usageLimits","reason":"accessNotConfigured","extendedHelp":"https://console.developers.google.com"}],"status":"PERMISSION_DENIED","details":[{"@type":"type.googleapis.com/google.rpc.ErrorInfo","reason":"SERVICE_DISABLED","domain":"googleapis.com","metadata":{"serviceTitle":"Compute Engine API","containerInfo":"586343572662","activationUrl":"https://console.developers.google.com/apis/api/compute.googleapis.com/overview?project=586343572662","service":"compute.googleapis.com","consumer":"projects/586343572662"}},{"@type":"type.googleapis.com/google.rpc.LocalizedMessage","locale":"en-US","message":"Compute Engine API has not been used in project 586343572662 before or it is disabled. Enable it by visiting https://console.developers.google.com/apis/api/compute.googleapis.com/overview?project=586343572662 then retry. If you enabled this API recently, wait a few minutes for the action to propagate to our systems and retry."},{"@type":"type.googleapis.com/google.rpc.Help","links":[{"description":"Google developers console API activation","url":"https://console.developers.google.com/apis/api/compute.googleapis.com/overview?project=586343572662"}]}]}},"response":{"statusCode":403}},"exit":1,"message":"Request to https://compute.googleapis.com/compute/v1/projects/586343572662 had HTTP Error: 403, Compute Engine API has not been used in project 586343572662 before or it is disabled. Enable it by visiting https://console.developers.google.com/apis/api/compute.googleapis.com/overview?project=586343572662 then retry. If you enabled this API recently, wait a few minutes for the action to propagate to our systems and retry.","status":403}
[debug] [2026-08-02T09:39:39.160Z] Checked if tokens are valid: true, expires at: 1785666689351
[debug] [2026-08-02T09:39:39.160Z] Checked if tokens are valid: true, expires at: 1785666689351
[debug] [2026-08-02T09:39:39.160Z] >>> [apiv2][query] GET https://cloudbilling.googleapis.com/v1/projects/spend-flow-82e37/billingInfo [none]
[debug] [2026-08-02T09:39:39.160Z] >>> [apiv2][(partial)header] GET https://cloudbilling.googleapis.com/v1/projects/spend-flow-82e37/billingInfo  x-goog-user-project=spend-flow-82e37
[debug] [2026-08-02T09:39:40.697Z] <<< [apiv2][status] GET https://cloudbilling.googleapis.com/v1/projects/spend-flow-82e37/billingInfo 200
[debug] [2026-08-02T09:39:40.697Z] <<< [apiv2][body] GET https://cloudbilling.googleapis.com/v1/projects/spend-flow-82e37/billingInfo {"name":"projects/spend-flow-82e37/billingInfo","projectId":"spend-flow-82e37","billingAccountName":"billingAccounts/016125-D19266-0EF037","billingEnabled":true}
[debug] [2026-08-02T09:39:40.699Z] Checked if tokens are valid: true, expires at: 1785666689351
[debug] [2026-08-02T09:39:40.699Z] Checked if tokens are valid: true, expires at: 1785666689351
[debug] [2026-08-02T09:39:40.699Z] >>> [apiv2][query] POST https://cloudfunctions.googleapis.com/v2/projects/spend-flow-82e37/locations/us-central1/functions:generateUploadUrl [none]
[debug] [2026-08-02T09:39:42.196Z] <<< [apiv2][status] POST https://cloudfunctions.googleapis.com/v2/projects/spend-flow-82e37/locations/us-central1/functions:generateUploadUrl 200
[debug] [2026-08-02T09:39:42.196Z] <<< [apiv2][body] POST https://cloudfunctions.googleapis.com/v2/projects/spend-flow-82e37/locations/us-central1/functions:generateUploadUrl {"uploadUrl":"https://storage.googleapis.com/gcf-v2-uploads-586343572662.us-central1.cloudfunctions.appspot.com/aaefb174-c76e-45e9-8e59-b5b0f42770a6.zip?GoogleAccessId=service-586343572662@gcf-admin-robot.iam.gserviceaccount.com&Expires=1785665382&Signature=mhPzAvjZnWBJ5TabVvs8kbxQupEGMnVEAfES8UY0pfAivgX8wMsTq7QJq1PRRRFuOsTotrweYL%2FxOuyLWM%2Beh4VcVUOQnKW3YH2lTomLF7q2vrZ%2BOWC%2F0L%2FcVS%2Bzb6pc%2BDxvHSoJo1jf1ow%2Bcv8KM2uvaMejTgJLxgDcfmvgLzRji36RQgo4GJZEinj%2BCUrG%2FLIc2EgYJSoQ7UqCiCwfhyy%2F36zG7ageKFd9Op0d6FAbw99k3LFOacQdeSsS2ppXKNucvLUU%2FToFdeQ90czN4PDFYeXx15Yctl%2BIl06Lth6vVYZUWXny2fZUMFfx2UlhNb5iNJjtH%2FQQkMEbZHwCwA%3D%3D","storageSource":{"bucket":"gcf-v2-uploads-586343572662.us-central1.cloudfunctions.appspot.com","object":"aaefb174-c76e-45e9-8e59-b5b0f42770a6.zip"}}
[debug] [2026-08-02T09:39:42.197Z] >>> [apiv2][query] PUT https://storage.googleapis.com/gcf-v2-uploads-586343572662.us-central1.cloudfunctions.appspot.com/aaefb174-c76e-45e9-8e59-b5b0f42770a6.zip GoogleAccessId=service-586343572662%40gcf-admin-robot.iam.gserviceaccount.com&Expires=1785665382&Signature=mhPzAvjZnWBJ5TabVvs8kbxQupEGMnVEAfES8UY0pfAivgX8wMsTq7QJq1PRRRFuOsTotrweYL%2FxOuyLWM%2Beh4VcVUOQnKW3YH2lTomLF7q2vrZ%2BOWC%2F0L%2FcVS%2Bzb6pc%2BDxvHSoJo1jf1ow%2Bcv8KM2uvaMejTgJLxgDcfmvgLzRji36RQgo4GJZEinj%2BCUrG%2FLIc2EgYJSoQ7UqCiCwfhyy%2F36zG7ageKFd9Op0d6FAbw99k3LFOacQdeSsS2ppXKNucvLUU%2FToFdeQ90czN4PDFYeXx15Yctl%2BIl06Lth6vVYZUWXny2fZUMFfx2UlhNb5iNJjtH%2FQQkMEbZHwCwA%3D%3D
[debug] [2026-08-02T09:39:42.197Z] >>> [apiv2][body] PUT https://storage.googleapis.com/gcf-v2-uploads-586343572662.us-central1.cloudfunctions.appspot.com/aaefb174-c76e-45e9-8e59-b5b0f42770a6.zip [stream]
[debug] [2026-08-02T09:39:43.193Z] <<< [apiv2][status] PUT https://storage.googleapis.com/gcf-v2-uploads-586343572662.us-central1.cloudfunctions.appspot.com/aaefb174-c76e-45e9-8e59-b5b0f42770a6.zip 200
[debug] [2026-08-02T09:39:43.193Z] <<< [apiv2][body] PUT https://storage.googleapis.com/gcf-v2-uploads-586343572662.us-central1.cloudfunctions.appspot.com/aaefb174-c76e-45e9-8e59-b5b0f42770a6.zip [omitted]
[info] ✔  functions: functions source uploaded successfully 
[info] i  functions: updating Node.js 22 (2nd Gen) function registerUser(us-central1)... 
[info] i  functions: updating Node.js 22 (2nd Gen) function verifyOtpRegister(us-central1)... 
[info] i  functions: updating Node.js 22 (2nd Gen) function resendOtpRegister(us-central1)... 
[info] i  functions: updating Node.js 22 (2nd Gen) function loginUser(us-central1)... 
[info] i  functions: updating Node.js 22 (2nd Gen) function forgotPassword(us-central1)... 
[info] i  functions: updating Node.js 22 (2nd Gen) function resetPassword(us-central1)... 
[info] i  functions: updating Node.js 22 (2nd Gen) function analyzeReceiptImage(us-central1)... 
[info] i  functions: updating Node.js 22 (2nd Gen) function analyzeTransactionText(us-central1)... 
[debug] [2026-08-02T09:39:43.197Z] Checked if tokens are valid: true, expires at: 1785666689351
[debug] [2026-08-02T09:39:43.197Z] Checked if tokens are valid: true, expires at: 1785666689351
[debug] [2026-08-02T09:39:43.197Z] >>> [apiv2][query] PATCH https://cloudfunctions.googleapis.com/v2/projects/spend-flow-82e37/locations/us-central1/functions/registerUser updateMask=name%2CbuildConfig.runtime%2CbuildConfig.entryPoint%2CbuildConfig.source.storageSource.bucket%2CbuildConfig.source.storageSource.object%2CbuildConfig.environmentVariables%2CbuildConfig.sourceToken%2CserviceConfig.environmentVariables%2CserviceConfig.secretEnvironmentVariables%2CserviceConfig.ingressSettings%2CserviceConfig.timeoutSeconds%2CserviceConfig.serviceAccountEmail%2CserviceConfig.availableMemory%2CserviceConfig.minInstanceCount%2CserviceConfig.maxInstanceCount%2CserviceConfig.maxInstanceRequestConcurrency%2CserviceConfig.availableCpu%2CserviceConfig.vpcConnector%2CserviceConfig.vpcConnectorEgressSettings%2CserviceConfig.directVpcNetworkInterface%2CserviceConfig.directVpcEgress%2Clabels
[debug] [2026-08-02T09:39:43.197Z] >>> [apiv2][body] PATCH https://cloudfunctions.googleapis.com/v2/projects/spend-flow-82e37/locations/us-central1/functions/registerUser {"name":"projects/spend-flow-82e37/locations/us-central1/functions/registerUser","buildConfig":{"runtime":"nodejs22","entryPoint":"registerUser","source":{"storageSource":{"bucket":"gcf-v2-uploads-586343572662.us-central1.cloudfunctions.appspot.com","object":"aaefb174-c76e-45e9-8e59-b5b0f42770a6.zip"}},"environmentVariables":{"GOOGLE_NODE_RUN_SCRIPTS":""}},"serviceConfig":{"environmentVariables":{"GEMINI_API_KEY":"AQ.Ab8RN6LizdBNtWT_93ybUvgSWRmdk4cnusZEvPk9MQhF3Syh1g","RESEND_API_KEY":"re_aaz4iWg3_NKVBkCT3yuSuxpgdfNWqKxEK","FIREBASE_CONFIG":"{\"projectId\":\"spend-flow-82e37\",\"storageBucket\":\"spend-flow-82e37.firebasestorage.app\"}","GCLOUD_PROJECT":"spend-flow-82e37","EVENTARC_CLOUD_EVENT_SOURCE":"projects/spend-flow-82e37/locations/us-central1/services/registerUser","FUNCTION_REGION":"us-central1","FUNCTION_TARGET":"registerUser","LOG_EXECUTION_ID":"true"},"secretEnvironmentVariables":[{"key":"RESEND_API_KEY","secret":"RESEND_API_KEY","projectId":"spend-flow-82e37","version":"3"}],"ingressSettings":null,"timeoutSeconds":null,"serviceAccountEmail":null,"availableMemory":"256Mi","minInstanceCount":null,"maxInstanceCount":null,"maxInstanceRequestConcurrency":80,"availableCpu":"1","vpcConnector":null,"vpcConnectorEgressSettings":null,"directVpcNetworkInterface":null,"directVpcEgress":null},"labels":{"deployment-tool":"cli-firebase","deployment-callable":"true","firebase-functions-hash":"bf441e4dda6dfb869f31c2709bbf36f344ae9c24"}}
[debug] [2026-08-02T09:39:44.012Z] <<< [apiv2][status] PATCH https://cloudfunctions.googleapis.com/v2/projects/spend-flow-82e37/locations/us-central1/functions/registerUser 400
[debug] [2026-08-02T09:39:44.013Z] <<< [apiv2][body] PATCH https://cloudfunctions.googleapis.com/v2/projects/spend-flow-82e37/locations/us-central1/functions/registerUser {"error":{"code":400,"message":"Could not update Cloud Run service projects/spend-flow-82e37/locations/us-central1/services/registeruser. spec.template.spec.containers[0].env: Secret environment variable overlaps non secret environment variable: RESEND_API_KEY","status":"INVALID_ARGUMENT"}}
[warn] ⚠  functions: Request to https://cloudfunctions.googleapis.com/v2/projects/spend-flow-82e37/locations/us-central1/functions/registerUser?updateMask=name%2CbuildConfig.runtime%2CbuildConfig.entryPoint%2CbuildConfig.source.storageSource.bucket%2CbuildConfig.source.storageSource.object%2CbuildConfig.environmentVariables%2CbuildConfig.sourceToken%2CserviceConfig.environmentVariables%2CserviceConfig.secretEnvironmentVariables%2CserviceConfig.ingressSettings%2CserviceConfig.timeoutSeconds%2CserviceConfig.serviceAccountEmail%2CserviceConfig.availableMemory%2CserviceConfig.minInstanceCount%2CserviceConfig.maxInstanceCount%2CserviceConfig.maxInstanceRequestConcurrency%2CserviceConfig.availableCpu%2CserviceConfig.vpcConnector%2CserviceConfig.vpcConnectorEgressSettings%2CserviceConfig.directVpcNetworkInterface%2CserviceConfig.directVpcEgress%2Clabels had HTTP Error: 400, Could not update Cloud Run service projects/spend-flow-82e37/locations/us-central1/services/registeruser. spec.template.spec.containers[0].env: Secret environment variable overlaps non secret environment variable: RESEND_API_KEY 
[warn] ⚠  functions:  failed to update function projects/spend-flow-82e37/locations/us-central1/functions/registerUser 
[error] Failed to update function projects/spend-flow-82e37/locations/us-central1/functions/registerUser
[debug] [2026-08-02T09:39:44.014Z] Checked if tokens are valid: true, expires at: 1785666689351
[debug] [2026-08-02T09:39:44.014Z] Checked if tokens are valid: true, expires at: 1785666689351
[debug] [2026-08-02T09:39:44.014Z] Checked if tokens are valid: true, expires at: 1785666689351
[debug] [2026-08-02T09:39:44.014Z] Checked if tokens are valid: true, expires at: 1785666689351
[debug] [2026-08-02T09:39:44.014Z] Checked if tokens are valid: true, expires at: 1785666689351
[debug] [2026-08-02T09:39:44.014Z] Checked if tokens are valid: true, expires at: 1785666689351
[debug] [2026-08-02T09:39:44.015Z] Checked if tokens are valid: true, expires at: 1785666689351
[debug] [2026-08-02T09:39:44.015Z] Checked if tokens are valid: true, expires at: 1785666689351
[debug] [2026-08-02T09:39:44.015Z] Checked if tokens are valid: true, expires at: 1785666689351
[debug] [2026-08-02T09:39:44.015Z] Checked if tokens are valid: true, expires at: 1785666689351
[debug] [2026-08-02T09:39:44.015Z] Checked if tokens are valid: true, expires at: 1785666689351
[debug] [2026-08-02T09:39:44.015Z] Checked if tokens are valid: true, expires at: 1785666689351
[debug] [2026-08-02T09:39:44.015Z] Checked if tokens are valid: true, expires at: 1785666689351
[debug] [2026-08-02T09:39:44.015Z] Checked if tokens are valid: true, expires at: 1785666689351
[debug] [2026-08-02T09:39:44.015Z] >>> [apiv2][query] PATCH https://cloudfunctions.googleapis.com/v2/projects/spend-flow-82e37/locations/us-central1/functions/verifyOtpRegister updateMask=name%2CbuildConfig.runtime%2CbuildConfig.entryPoint%2CbuildConfig.source.storageSource.bucket%2CbuildConfig.source.storageSource.object%2CbuildConfig.environmentVariables%2CbuildConfig.sourceToken%2CserviceConfig.environmentVariables%2CserviceConfig.ingressSettings%2CserviceConfig.timeoutSeconds%2CserviceConfig.serviceAccountEmail%2CserviceConfig.availableMemory%2CserviceConfig.minInstanceCount%2CserviceConfig.maxInstanceCount%2CserviceConfig.maxInstanceRequestConcurrency%2CserviceConfig.availableCpu%2CserviceConfig.vpcConnector%2CserviceConfig.vpcConnectorEgressSettings%2CserviceConfig.directVpcNetworkInterface%2CserviceConfig.directVpcEgress%2Clabels
[debug] [2026-08-02T09:39:44.015Z] >>> [apiv2][body] PATCH https://cloudfunctions.googleapis.com/v2/projects/spend-flow-82e37/locations/us-central1/functions/verifyOtpRegister {"name":"projects/spend-flow-82e37/locations/us-central1/functions/verifyOtpRegister","buildConfig":{"runtime":"nodejs22","entryPoint":"verifyOtpRegister","source":{"storageSource":{"bucket":"gcf-v2-uploads-586343572662.us-central1.cloudfunctions.appspot.com","object":"aaefb174-c76e-45e9-8e59-b5b0f42770a6.zip"}},"environmentVariables":{"GOOGLE_NODE_RUN_SCRIPTS":""}},"serviceConfig":{"environmentVariables":{"GEMINI_API_KEY":"AQ.Ab8RN6LizdBNtWT_93ybUvgSWRmdk4cnusZEvPk9MQhF3Syh1g","RESEND_API_KEY":"re_aaz4iWg3_NKVBkCT3yuSuxpgdfNWqKxEK","FIREBASE_CONFIG":"{\"projectId\":\"spend-flow-82e37\",\"storageBucket\":\"spend-flow-82e37.firebasestorage.app\"}","GCLOUD_PROJECT":"spend-flow-82e37","EVENTARC_CLOUD_EVENT_SOURCE":"projects/spend-flow-82e37/locations/us-central1/services/verifyOtpRegister","FUNCTION_REGION":"us-central1","FUNCTION_TARGET":"verifyOtpRegister","LOG_EXECUTION_ID":"true"},"ingressSettings":null,"timeoutSeconds":null,"serviceAccountEmail":null,"availableMemory":"256Mi","minInstanceCount":null,"maxInstanceCount":null,"maxInstanceRequestConcurrency":80,"availableCpu":"1","vpcConnector":null,"vpcConnectorEgressSettings":null,"directVpcNetworkInterface":null,"directVpcEgress":null},"labels":{"deployment-tool":"cli-firebase","deployment-callable":"true","firebase-functions-hash":"a5f4158111f4c640f801e73a4a8e66996b11ce9a"}}
[debug] [2026-08-02T09:39:44.015Z] >>> [apiv2][query] PATCH https://cloudfunctions.googleapis.com/v2/projects/spend-flow-82e37/locations/us-central1/functions/resendOtpRegister updateMask=name%2CbuildConfig.runtime%2CbuildConfig.entryPoint%2CbuildConfig.source.storageSource.bucket%2CbuildConfig.source.storageSource.object%2CbuildConfig.environmentVariables%2CbuildConfig.sourceToken%2CserviceConfig.environmentVariables%2CserviceConfig.secretEnvironmentVariables%2CserviceConfig.ingressSettings%2CserviceConfig.timeoutSeconds%2CserviceConfig.serviceAccountEmail%2CserviceConfig.availableMemory%2CserviceConfig.minInstanceCount%2CserviceConfig.maxInstanceCount%2CserviceConfig.maxInstanceRequestConcurrency%2CserviceConfig.availableCpu%2CserviceConfig.vpcConnector%2CserviceConfig.vpcConnectorEgressSettings%2CserviceConfig.directVpcNetworkInterface%2CserviceConfig.directVpcEgress%2Clabels
[debug] [2026-08-02T09:39:44.015Z] >>> [apiv2][body] PATCH https://cloudfunctions.googleapis.com/v2/projects/spend-flow-82e37/locations/us-central1/functions/resendOtpRegister {"name":"projects/spend-flow-82e37/locations/us-central1/functions/resendOtpRegister","buildConfig":{"runtime":"nodejs22","entryPoint":"resendOtpRegister","source":{"storageSource":{"bucket":"gcf-v2-uploads-586343572662.us-central1.cloudfunctions.appspot.com","object":"aaefb174-c76e-45e9-8e59-b5b0f42770a6.zip"}},"environmentVariables":{"GOOGLE_NODE_RUN_SCRIPTS":""}},"serviceConfig":{"environmentVariables":{"GEMINI_API_KEY":"AQ.Ab8RN6LizdBNtWT_93ybUvgSWRmdk4cnusZEvPk9MQhF3Syh1g","RESEND_API_KEY":"re_aaz4iWg3_NKVBkCT3yuSuxpgdfNWqKxEK","FIREBASE_CONFIG":"{\"projectId\":\"spend-flow-82e37\",\"storageBucket\":\"spend-flow-82e37.firebasestorage.app\"}","GCLOUD_PROJECT":"spend-flow-82e37","EVENTARC_CLOUD_EVENT_SOURCE":"projects/spend-flow-82e37/locations/us-central1/services/resendOtpRegister","FUNCTION_REGION":"us-central1","FUNCTION_TARGET":"resendOtpRegister","LOG_EXECUTION_ID":"true"},"secretEnvironmentVariables":[{"key":"RESEND_API_KEY","secret":"RESEND_API_KEY","projectId":"spend-flow-82e37","version":"3"}],"ingressSettings":null,"timeoutSeconds":null,"serviceAccountEmail":null,"availableMemory":"256Mi","minInstanceCount":null,"maxInstanceCount":null,"maxInstanceRequestConcurrency":80,"availableCpu":"1","vpcConnector":null,"vpcConnectorEgressSettings":null,"directVpcNetworkInterface":null,"directVpcEgress":null},"labels":{"deployment-tool":"cli-firebase","deployment-callable":"true","firebase-functions-hash":"bf441e4dda6dfb869f31c2709bbf36f344ae9c24"}}
[debug] [2026-08-02T09:39:44.016Z] >>> [apiv2][query] PATCH https://cloudfunctions.googleapis.com/v2/projects/spend-flow-82e37/locations/us-central1/functions/loginUser updateMask=name%2CbuildConfig.runtime%2CbuildConfig.entryPoint%2CbuildConfig.source.storageSource.bucket%2CbuildConfig.source.storageSource.object%2CbuildConfig.environmentVariables%2CbuildConfig.sourceToken%2CserviceConfig.environmentVariables%2CserviceConfig.ingressSettings%2CserviceConfig.timeoutSeconds%2CserviceConfig.serviceAccountEmail%2CserviceConfig.availableMemory%2CserviceConfig.minInstanceCount%2CserviceConfig.maxInstanceCount%2CserviceConfig.maxInstanceRequestConcurrency%2CserviceConfig.availableCpu%2CserviceConfig.vpcConnector%2CserviceConfig.vpcConnectorEgressSettings%2CserviceConfig.directVpcNetworkInterface%2CserviceConfig.directVpcEgress%2Clabels
[debug] [2026-08-02T09:39:44.016Z] >>> [apiv2][body] PATCH https://cloudfunctions.googleapis.com/v2/projects/spend-flow-82e37/locations/us-central1/functions/loginUser {"name":"projects/spend-flow-82e37/locations/us-central1/functions/loginUser","buildConfig":{"runtime":"nodejs22","entryPoint":"loginUser","source":{"storageSource":{"bucket":"gcf-v2-uploads-586343572662.us-central1.cloudfunctions.appspot.com","object":"aaefb174-c76e-45e9-8e59-b5b0f42770a6.zip"}},"environmentVariables":{"GOOGLE_NODE_RUN_SCRIPTS":""}},"serviceConfig":{"environmentVariables":{"GEMINI_API_KEY":"AQ.Ab8RN6LizdBNtWT_93ybUvgSWRmdk4cnusZEvPk9MQhF3Syh1g","RESEND_API_KEY":"re_aaz4iWg3_NKVBkCT3yuSuxpgdfNWqKxEK","FIREBASE_CONFIG":"{\"projectId\":\"spend-flow-82e37\",\"storageBucket\":\"spend-flow-82e37.firebasestorage.app\"}","GCLOUD_PROJECT":"spend-flow-82e37","EVENTARC_CLOUD_EVENT_SOURCE":"projects/spend-flow-82e37/locations/us-central1/services/loginUser","FUNCTION_REGION":"us-central1","FUNCTION_TARGET":"loginUser","LOG_EXECUTION_ID":"true"},"ingressSettings":null,"timeoutSeconds":null,"serviceAccountEmail":"spend-flow-82e37@appspot.gserviceaccount.com","availableMemory":"256Mi","minInstanceCount":null,"maxInstanceCount":null,"maxInstanceRequestConcurrency":80,"availableCpu":"1","vpcConnector":null,"vpcConnectorEgressSettings":null,"directVpcNetworkInterface":null,"directVpcEgress":null},"labels":{"deployment-tool":"cli-firebase","deployment-callable":"true","firebase-functions-hash":"a5f4158111f4c640f801e73a4a8e66996b11ce9a"}}
[debug] [2026-08-02T09:39:44.016Z] >>> [apiv2][query] PATCH https://cloudfunctions.googleapis.com/v2/projects/spend-flow-82e37/locations/us-central1/functions/forgotPassword updateMask=name%2CbuildConfig.runtime%2CbuildConfig.entryPoint%2CbuildConfig.source.storageSource.bucket%2CbuildConfig.source.storageSource.object%2CbuildConfig.environmentVariables%2CbuildConfig.sourceToken%2CserviceConfig.environmentVariables%2CserviceConfig.secretEnvironmentVariables%2CserviceConfig.ingressSettings%2CserviceConfig.timeoutSeconds%2CserviceConfig.serviceAccountEmail%2CserviceConfig.availableMemory%2CserviceConfig.minInstanceCount%2CserviceConfig.maxInstanceCount%2CserviceConfig.maxInstanceRequestConcurrency%2CserviceConfig.availableCpu%2CserviceConfig.vpcConnector%2CserviceConfig.vpcConnectorEgressSettings%2CserviceConfig.directVpcNetworkInterface%2CserviceConfig.directVpcEgress%2Clabels
[debug] [2026-08-02T09:39:44.016Z] >>> [apiv2][body] PATCH https://cloudfunctions.googleapis.com/v2/projects/spend-flow-82e37/locations/us-central1/functions/forgotPassword {"name":"projects/spend-flow-82e37/locations/us-central1/functions/forgotPassword","buildConfig":{"runtime":"nodejs22","entryPoint":"forgotPassword","source":{"storageSource":{"bucket":"gcf-v2-uploads-586343572662.us-central1.cloudfunctions.appspot.com","object":"aaefb174-c76e-45e9-8e59-b5b0f42770a6.zip"}},"environmentVariables":{"GOOGLE_NODE_RUN_SCRIPTS":""}},"serviceConfig":{"environmentVariables":{"GEMINI_API_KEY":"AQ.Ab8RN6LizdBNtWT_93ybUvgSWRmdk4cnusZEvPk9MQhF3Syh1g","RESEND_API_KEY":"re_aaz4iWg3_NKVBkCT3yuSuxpgdfNWqKxEK","FIREBASE_CONFIG":"{\"projectId\":\"spend-flow-82e37\",\"storageBucket\":\"spend-flow-82e37.firebasestorage.app\"}","GCLOUD_PROJECT":"spend-flow-82e37","EVENTARC_CLOUD_EVENT_SOURCE":"projects/spend-flow-82e37/locations/us-central1/services/forgotPassword","FUNCTION_REGION":"us-central1","FUNCTION_TARGET":"forgotPassword","LOG_EXECUTION_ID":"true"},"secretEnvironmentVariables":[{"key":"RESEND_API_KEY","secret":"RESEND_API_KEY","projectId":"spend-flow-82e37","version":"3"}],"ingressSettings":null,"timeoutSeconds":null,"serviceAccountEmail":null,"availableMemory":"256Mi","minInstanceCount":null,"maxInstanceCount":null,"maxInstanceRequestConcurrency":80,"availableCpu":"1","vpcConnector":null,"vpcConnectorEgressSettings":null,"directVpcNetworkInterface":null,"directVpcEgress":null},"labels":{"deployment-tool":"cli-firebase","deployment-callable":"true","firebase-functions-hash":"bf441e4dda6dfb869f31c2709bbf36f344ae9c24"}}
[debug] [2026-08-02T09:39:44.016Z] >>> [apiv2][query] PATCH https://cloudfunctions.googleapis.com/v2/projects/spend-flow-82e37/locations/us-central1/functions/resetPassword updateMask=name%2CbuildConfig.runtime%2CbuildConfig.entryPoint%2CbuildConfig.source.storageSource.bucket%2CbuildConfig.source.storageSource.object%2CbuildConfig.environmentVariables%2CbuildConfig.sourceToken%2CserviceConfig.environmentVariables%2CserviceConfig.ingressSettings%2CserviceConfig.timeoutSeconds%2CserviceConfig.serviceAccountEmail%2CserviceConfig.availableMemory%2CserviceConfig.minInstanceCount%2CserviceConfig.maxInstanceCount%2CserviceConfig.maxInstanceRequestConcurrency%2CserviceConfig.availableCpu%2CserviceConfig.vpcConnector%2CserviceConfig.vpcConnectorEgressSettings%2CserviceConfig.directVpcNetworkInterface%2CserviceConfig.directVpcEgress%2Clabels
[debug] [2026-08-02T09:39:44.016Z] >>> [apiv2][body] PATCH https://cloudfunctions.googleapis.com/v2/projects/spend-flow-82e37/locations/us-central1/functions/resetPassword {"name":"projects/spend-flow-82e37/locations/us-central1/functions/resetPassword","buildConfig":{"runtime":"nodejs22","entryPoint":"resetPassword","source":{"storageSource":{"bucket":"gcf-v2-uploads-586343572662.us-central1.cloudfunctions.appspot.com","object":"aaefb174-c76e-45e9-8e59-b5b0f42770a6.zip"}},"environmentVariables":{"GOOGLE_NODE_RUN_SCRIPTS":""}},"serviceConfig":{"environmentVariables":{"GEMINI_API_KEY":"AQ.Ab8RN6LizdBNtWT_93ybUvgSWRmdk4cnusZEvPk9MQhF3Syh1g","RESEND_API_KEY":"re_aaz4iWg3_NKVBkCT3yuSuxpgdfNWqKxEK","FIREBASE_CONFIG":"{\"projectId\":\"spend-flow-82e37\",\"storageBucket\":\"spend-flow-82e37.firebasestorage.app\"}","GCLOUD_PROJECT":"spend-flow-82e37","EVENTARC_CLOUD_EVENT_SOURCE":"projects/spend-flow-82e37/locations/us-central1/services/resetPassword","FUNCTION_REGION":"us-central1","FUNCTION_TARGET":"resetPassword","LOG_EXECUTION_ID":"true"},"ingressSettings":null,"timeoutSeconds":null,"serviceAccountEmail":null,"availableMemory":"256Mi","minInstanceCount":null,"maxInstanceCount":null,"maxInstanceRequestConcurrency":80,"availableCpu":"1","vpcConnector":null,"vpcConnectorEgressSettings":null,"directVpcNetworkInterface":null,"directVpcEgress":null},"labels":{"deployment-tool":"cli-firebase","deployment-callable":"true","firebase-functions-hash":"a5f4158111f4c640f801e73a4a8e66996b11ce9a"}}
[debug] [2026-08-02T09:39:44.016Z] >>> [apiv2][query] PATCH https://cloudfunctions.googleapis.com/v2/projects/spend-flow-82e37/locations/us-central1/functions/analyzeReceiptImage updateMask=name%2CbuildConfig.runtime%2CbuildConfig.entryPoint%2CbuildConfig.source.storageSource.bucket%2CbuildConfig.source.storageSource.object%2CbuildConfig.environmentVariables%2CbuildConfig.sourceToken%2CserviceConfig.environmentVariables%2CserviceConfig.secretEnvironmentVariables%2CserviceConfig.ingressSettings%2CserviceConfig.timeoutSeconds%2CserviceConfig.serviceAccountEmail%2CserviceConfig.availableMemory%2CserviceConfig.minInstanceCount%2CserviceConfig.maxInstanceCount%2CserviceConfig.maxInstanceRequestConcurrency%2CserviceConfig.availableCpu%2CserviceConfig.vpcConnector%2CserviceConfig.vpcConnectorEgressSettings%2CserviceConfig.directVpcNetworkInterface%2CserviceConfig.directVpcEgress%2Clabels
[debug] [2026-08-02T09:39:44.016Z] >>> [apiv2][body] PATCH https://cloudfunctions.googleapis.com/v2/projects/spend-flow-82e37/locations/us-central1/functions/analyzeReceiptImage {"name":"projects/spend-flow-82e37/locations/us-central1/functions/analyzeReceiptImage","buildConfig":{"runtime":"nodejs22","entryPoint":"analyzeReceiptImage","source":{"storageSource":{"bucket":"gcf-v2-uploads-586343572662.us-central1.cloudfunctions.appspot.com","object":"aaefb174-c76e-45e9-8e59-b5b0f42770a6.zip"}},"environmentVariables":{"GOOGLE_NODE_RUN_SCRIPTS":""}},"serviceConfig":{"environmentVariables":{"GEMINI_API_KEY":"AQ.Ab8RN6LizdBNtWT_93ybUvgSWRmdk4cnusZEvPk9MQhF3Syh1g","RESEND_API_KEY":"re_aaz4iWg3_NKVBkCT3yuSuxpgdfNWqKxEK","FIREBASE_CONFIG":"{\"projectId\":\"spend-flow-82e37\",\"storageBucket\":\"spend-flow-82e37.firebasestorage.app\"}","GCLOUD_PROJECT":"spend-flow-82e37","EVENTARC_CLOUD_EVENT_SOURCE":"projects/spend-flow-82e37/locations/us-central1/services/analyzeReceiptImage","FUNCTION_REGION":"us-central1","FUNCTION_TARGET":"analyzeReceiptImage","LOG_EXECUTION_ID":"true"},"secretEnvironmentVariables":[{"key":"GEMINI_API_KEY","secret":"GEMINI_API_KEY","projectId":"spend-flow-82e37","version":"2"}],"ingressSettings":null,"timeoutSeconds":null,"serviceAccountEmail":null,"availableMemory":"256Mi","minInstanceCount":null,"maxInstanceCount":null,"maxInstanceRequestConcurrency":80,"availableCpu":"1","vpcConnector":null,"vpcConnectorEgressSettings":null,"directVpcNetworkInterface":null,"directVpcEgress":null},"labels":{"deployment-tool":"cli-firebase","deployment-callable":"true","firebase-functions-hash":"a2864c24475fdaaedeb1159ed05b81b6725ec872"}}
[debug] [2026-08-02T09:39:44.016Z] >>> [apiv2][query] PATCH https://cloudfunctions.googleapis.com/v2/projects/spend-flow-82e37/locations/us-central1/functions/analyzeTransactionText updateMask=name%2CbuildConfig.runtime%2CbuildConfig.entryPoint%2CbuildConfig.source.storageSource.bucket%2CbuildConfig.source.storageSource.object%2CbuildConfig.environmentVariables%2CbuildConfig.sourceToken%2CserviceConfig.environmentVariables%2CserviceConfig.secretEnvironmentVariables%2CserviceConfig.ingressSettings%2CserviceConfig.timeoutSeconds%2CserviceConfig.serviceAccountEmail%2CserviceConfig.availableMemory%2CserviceConfig.minInstanceCount%2CserviceConfig.maxInstanceCount%2CserviceConfig.maxInstanceRequestConcurrency%2CserviceConfig.availableCpu%2CserviceConfig.vpcConnector%2CserviceConfig.vpcConnectorEgressSettings%2CserviceConfig.directVpcNetworkInterface%2CserviceConfig.directVpcEgress%2Clabels
[debug] [2026-08-02T09:39:44.016Z] >>> [apiv2][body] PATCH https://cloudfunctions.googleapis.com/v2/projects/spend-flow-82e37/locations/us-central1/functions/analyzeTransactionText {"name":"projects/spend-flow-82e37/locations/us-central1/functions/analyzeTransactionText","buildConfig":{"runtime":"nodejs22","entryPoint":"analyzeTransactionText","source":{"storageSource":{"bucket":"gcf-v2-uploads-586343572662.us-central1.cloudfunctions.appspot.com","object":"aaefb174-c76e-45e9-8e59-b5b0f42770a6.zip"}},"environmentVariables":{"GOOGLE_NODE_RUN_SCRIPTS":""}},"serviceConfig":{"environmentVariables":{"GEMINI_API_KEY":"AQ.Ab8RN6LizdBNtWT_93ybUvgSWRmdk4cnusZEvPk9MQhF3Syh1g","RESEND_API_KEY":"re_aaz4iWg3_NKVBkCT3yuSuxpgdfNWqKxEK","FIREBASE_CONFIG":"{\"projectId\":\"spend-flow-82e37\",\"storageBucket\":\"spend-flow-82e37.firebasestorage.app\"}","GCLOUD_PROJECT":"spend-flow-82e37","EVENTARC_CLOUD_EVENT_SOURCE":"projects/spend-flow-82e37/locations/us-central1/services/analyzeTransactionText","FUNCTION_REGION":"us-central1","FUNCTION_TARGET":"analyzeTransactionText","LOG_EXECUTION_ID":"true"},"secretEnvironmentVariables":[{"key":"GEMINI_API_KEY","secret":"GEMINI_API_KEY","projectId":"spend-flow-82e37","version":"2"}],"ingressSettings":null,"timeoutSeconds":null,"serviceAccountEmail":null,"availableMemory":"256Mi","minInstanceCount":null,"maxInstanceCount":null,"maxInstanceRequestConcurrency":80,"availableCpu":"1","vpcConnector":null,"vpcConnectorEgressSettings":null,"directVpcNetworkInterface":null,"directVpcEgress":null},"labels":{"deployment-tool":"cli-firebase","deployment-callable":"true","firebase-functions-hash":"a2864c24475fdaaedeb1159ed05b81b6725ec872"}}
[debug] [2026-08-02T09:39:46.130Z] <<< [apiv2][status] PATCH https://cloudfunctions.googleapis.com/v2/projects/spend-flow-82e37/locations/us-central1/functions/verifyOtpRegister 200
[debug] [2026-08-02T09:39:46.131Z] <<< [apiv2][body] PATCH https://cloudfunctions.googleapis.com/v2/projects/spend-flow-82e37/locations/us-central1/functions/verifyOtpRegister {"name":"projects/spend-flow-82e37/locations/us-central1/operations/operation-1785663585232-6580d33afa4b9-20728202-3c5a3fef","metadata":{"@type":"type.googleapis.com/google.cloud.functions.v2.OperationMetadata","createTime":"2026-08-02T09:39:46.056892455Z","target":"projects/spend-flow-82e37/locations/us-central1/functions/verifyOtpRegister","verb":"update","cancelRequested":false,"apiVersion":"v2"},"done":false}
[debug] [2026-08-02T09:39:46.131Z] Checked if tokens are valid: true, expires at: 1785666689351
[debug] [2026-08-02T09:39:46.131Z] Checked if tokens are valid: true, expires at: 1785666689351
[debug] [2026-08-02T09:39:46.131Z] >>> [apiv2][query] GET https://cloudfunctions.googleapis.com/v2/projects/spend-flow-82e37/locations/us-central1/operations/operation-1785663585232-6580d33afa4b9-20728202-3c5a3fef [none]
[debug] [2026-08-02T09:39:47.960Z] <<< [apiv2][status] PATCH https://cloudfunctions.googleapis.com/v2/projects/spend-flow-82e37/locations/us-central1/functions/resendOtpRegister 400
[debug] [2026-08-02T09:39:47.960Z] <<< [apiv2][body] PATCH https://cloudfunctions.googleapis.com/v2/projects/spend-flow-82e37/locations/us-central1/functions/resendOtpRegister {"error":{"code":400,"message":"Could not update Cloud Run service projects/spend-flow-82e37/locations/us-central1/services/resendotpregister. spec.template.spec.containers[0].env: Secret environment variable overlaps non secret environment variable: RESEND_API_KEY","status":"INVALID_ARGUMENT"}}
[warn] ⚠  functions: Request to https://cloudfunctions.googleapis.com/v2/projects/spend-flow-82e37/locations/us-central1/functions/resendOtpRegister?updateMask=name%2CbuildConfig.runtime%2CbuildConfig.entryPoint%2CbuildConfig.source.storageSource.bucket%2CbuildConfig.source.storageSource.object%2CbuildConfig.environmentVariables%2CbuildConfig.sourceToken%2CserviceConfig.environmentVariables%2CserviceConfig.secretEnvironmentVariables%2CserviceConfig.ingressSettings%2CserviceConfig.timeoutSeconds%2CserviceConfig.serviceAccountEmail%2CserviceConfig.availableMemory%2CserviceConfig.minInstanceCount%2CserviceConfig.maxInstanceCount%2CserviceConfig.maxInstanceRequestConcurrency%2CserviceConfig.availableCpu%2CserviceConfig.vpcConnector%2CserviceConfig.vpcConnectorEgressSettings%2CserviceConfig.directVpcNetworkInterface%2CserviceConfig.directVpcEgress%2Clabels had HTTP Error: 400, Could not update Cloud Run service projects/spend-flow-82e37/locations/us-central1/services/resendotpregister. spec.template.spec.containers[0].env: Secret environment variable overlaps non secret environment variable: RESEND_API_KEY 
[warn] ⚠  functions:  failed to update function projects/spend-flow-82e37/locations/us-central1/functions/resendOtpRegister 
[error] Failed to update function projects/spend-flow-82e37/locations/us-central1/functions/resendOtpRegister
[debug] [2026-08-02T09:39:50.083Z] <<< [apiv2][status] PATCH https://cloudfunctions.googleapis.com/v2/projects/spend-flow-82e37/locations/us-central1/functions/loginUser 200
[debug] [2026-08-02T09:39:50.083Z] <<< [apiv2][body] PATCH https://cloudfunctions.googleapis.com/v2/projects/spend-flow-82e37/locations/us-central1/functions/loginUser {"name":"projects/spend-flow-82e37/locations/us-central1/operations/operation-1785663589193-6580d33ec1909-0c5eb6bf-f7dc4d10","metadata":{"@type":"type.googleapis.com/google.cloud.functions.v2.OperationMetadata","createTime":"2026-08-02T09:39:50.003996624Z","target":"projects/spend-flow-82e37/locations/us-central1/functions/loginUser","verb":"update","cancelRequested":false,"apiVersion":"v2"},"done":false}
[debug] [2026-08-02T09:39:50.083Z] Checked if tokens are valid: true, expires at: 1785666689351
[debug] [2026-08-02T09:39:50.083Z] Checked if tokens are valid: true, expires at: 1785666689351
[debug] [2026-08-02T09:39:50.084Z] >>> [apiv2][query] GET https://cloudfunctions.googleapis.com/v2/projects/spend-flow-82e37/locations/us-central1/operations/operation-1785663589193-6580d33ec1909-0c5eb6bf-f7dc4d10 [none]
[debug] [2026-08-02T09:39:51.713Z] <<< [apiv2][status] PATCH https://cloudfunctions.googleapis.com/v2/projects/spend-flow-82e37/locations/us-central1/functions/forgotPassword 400
[debug] [2026-08-02T09:39:51.714Z] <<< [apiv2][body] PATCH https://cloudfunctions.googleapis.com/v2/projects/spend-flow-82e37/locations/us-central1/functions/forgotPassword {"error":{"code":400,"message":"Could not update Cloud Run service projects/spend-flow-82e37/locations/us-central1/services/forgotpassword. spec.template.spec.containers[0].env: Secret environment variable overlaps non secret environment variable: RESEND_API_KEY","status":"INVALID_ARGUMENT"}}
[warn] ⚠  functions: Request to https://cloudfunctions.googleapis.com/v2/projects/spend-flow-82e37/locations/us-central1/functions/forgotPassword?updateMask=name%2CbuildConfig.runtime%2CbuildConfig.entryPoint%2CbuildConfig.source.storageSource.bucket%2CbuildConfig.source.storageSource.object%2CbuildConfig.environmentVariables%2CbuildConfig.sourceToken%2CserviceConfig.environmentVariables%2CserviceConfig.secretEnvironmentVariables%2CserviceConfig.ingressSettings%2CserviceConfig.timeoutSeconds%2CserviceConfig.serviceAccountEmail%2CserviceConfig.availableMemory%2CserviceConfig.minInstanceCount%2CserviceConfig.maxInstanceCount%2CserviceConfig.maxInstanceRequestConcurrency%2CserviceConfig.availableCpu%2CserviceConfig.vpcConnector%2CserviceConfig.vpcConnectorEgressSettings%2CserviceConfig.directVpcNetworkInterface%2CserviceConfig.directVpcEgress%2Clabels had HTTP Error: 400, Could not update Cloud Run service projects/spend-flow-82e37/locations/us-central1/services/forgotpassword. spec.template.spec.containers[0].env: Secret environment variable overlaps non secret environment variable: RESEND_API_KEY 
[warn] ⚠  functions:  failed to update function projects/spend-flow-82e37/locations/us-central1/functions/forgotPassword 
[error] Failed to update function projects/spend-flow-82e37/locations/us-central1/functions/forgotPassword
[debug] [2026-08-02T09:39:53.814Z] <<< [apiv2][status] PATCH https://cloudfunctions.googleapis.com/v2/projects/spend-flow-82e37/locations/us-central1/functions/resetPassword 200
[debug] [2026-08-02T09:39:53.814Z] <<< [apiv2][body] PATCH https://cloudfunctions.googleapis.com/v2/projects/spend-flow-82e37/locations/us-central1/functions/resetPassword {"name":"projects/spend-flow-82e37/locations/us-central1/operations/operation-1785663592961-6580d34259725-5fb20faa-8254b1a4","metadata":{"@type":"type.googleapis.com/google.cloud.functions.v2.OperationMetadata","createTime":"2026-08-02T09:39:53.736121101Z","target":"projects/spend-flow-82e37/locations/us-central1/functions/resetPassword","verb":"update","cancelRequested":false,"apiVersion":"v2"},"done":false}
[debug] [2026-08-02T09:39:53.815Z] Checked if tokens are valid: true, expires at: 1785666689351
[debug] [2026-08-02T09:39:53.815Z] Checked if tokens are valid: true, expires at: 1785666689351
[debug] [2026-08-02T09:39:53.815Z] >>> [apiv2][query] GET https://cloudfunctions.googleapis.com/v2/projects/spend-flow-82e37/locations/us-central1/operations/operation-1785663592961-6580d34259725-5fb20faa-8254b1a4 [none]
[debug] [2026-08-02T09:39:54.396Z] <<< [apiv2][status] PATCH https://cloudfunctions.googleapis.com/v2/projects/spend-flow-82e37/locations/us-central1/functions/analyzeReceiptImage 400
[debug] [2026-08-02T09:39:54.396Z] <<< [apiv2][body] PATCH https://cloudfunctions.googleapis.com/v2/projects/spend-flow-82e37/locations/us-central1/functions/analyzeReceiptImage {"error":{"code":400,"message":"Could not update Cloud Run service projects/spend-flow-82e37/locations/us-central1/services/analyzereceiptimage. spec.template.spec.containers[0].env: Secret environment variable overlaps non secret environment variable: GEMINI_API_KEY","status":"INVALID_ARGUMENT"}}
[warn] ⚠  functions: Request to https://cloudfunctions.googleapis.com/v2/projects/spend-flow-82e37/locations/us-central1/functions/analyzeReceiptImage?updateMask=name%2CbuildConfig.runtime%2CbuildConfig.entryPoint%2CbuildConfig.source.storageSource.bucket%2CbuildConfig.source.storageSource.object%2CbuildConfig.environmentVariables%2CbuildConfig.sourceToken%2CserviceConfig.environmentVariables%2CserviceConfig.secretEnvironmentVariables%2CserviceConfig.ingressSettings%2CserviceConfig.timeoutSeconds%2CserviceConfig.serviceAccountEmail%2CserviceConfig.availableMemory%2CserviceConfig.minInstanceCount%2CserviceConfig.maxInstanceCount%2CserviceConfig.maxInstanceRequestConcurrency%2CserviceConfig.availableCpu%2CserviceConfig.vpcConnector%2CserviceConfig.vpcConnectorEgressSettings%2CserviceConfig.directVpcNetworkInterface%2CserviceConfig.directVpcEgress%2Clabels had HTTP Error: 400, Could not update Cloud Run service projects/spend-flow-82e37/locations/us-central1/services/analyzereceiptimage. spec.template.spec.containers[0].env: Secret environment variable overlaps non secret environment variable: GEMINI_API_KEY 
[warn] ⚠  functions:  failed to update function projects/spend-flow-82e37/locations/us-central1/functions/analyzeReceiptImage 
[error] Failed to update function projects/spend-flow-82e37/locations/us-central1/functions/analyzeReceiptImage
[debug] [2026-08-02T09:39:55.689Z] <<< [apiv2][status] GET https://cloudfunctions.googleapis.com/v2/projects/spend-flow-82e37/locations/us-central1/operations/operation-1785663585232-6580d33afa4b9-20728202-3c5a3fef 200
[debug] [2026-08-02T09:39:55.689Z] <<< [apiv2][body] GET https://cloudfunctions.googleapis.com/v2/projects/spend-flow-82e37/locations/us-central1/operations/operation-1785663585232-6580d33afa4b9-20728202-3c5a3fef {"name":"projects/spend-flow-82e37/locations/us-central1/operations/operation-1785663585232-6580d33afa4b9-20728202-3c5a3fef","metadata":{"@type":"type.googleapis.com/google.cloud.functions.v2.OperationMetadata","createTime":"2026-08-02T09:39:46.056892455Z","target":"projects/spend-flow-82e37/locations/us-central1/functions/verifyOtpRegister","verb":"update","cancelRequested":false,"apiVersion":"v2","requestResource":{"@type":"type.googleapis.com/google.cloud.functions.v2.Function","name":"projects/spend-flow-82e37/locations/us-central1/functions/verifyOtpRegister","buildConfig":{"runtime":"nodejs22","entryPoint":"verifyOtpRegister","source":{"storageSource":{"bucket":"gcf-v2-sources-586343572662-us-central1","object":"verifyOtpRegister/function-source.zip","generation":"1785663586000975"}},"environmentVariables":{"GOOGLE_NODE_RUN_SCRIPTS":""},"dockerRepository":"projects/spend-flow-82e37/locations/us-central1/repositories/gcf-artifacts","sourceProvenance":{"resolvedStorageSource":{"bucket":"gcf-v2-sources-586343572662-us-central1","object":"verifyOtpRegister/function-source.zip","generation":"1785663205842036"}},"dockerRegistry":"ARTIFACT_REGISTRY","serviceAccount":"projects/spend-flow-82e37/serviceAccounts/586343572662-compute@developer.gserviceaccount.com","automaticUpdatePolicy":{}},"serviceConfig":{"service":"projects/spend-flow-82e37/locations/us-central1/services/verifyotpregister","timeoutSeconds":60,"environmentVariables":{"GEMINI_API_KEY":"AQ.Ab8RN6LizdBNtWT_93ybUvgSWRmdk4cnusZEvPk9MQhF3Syh1g","RESEND_API_KEY":"re_aaz4iWg3_NKVBkCT3yuSuxpgdfNWqKxEK","FIREBASE_CONFIG":"{\"projectId\":\"spend-flow-82e37\",\"storageBucket\":\"spend-flow-82e37.firebasestorage.app\"}","GCLOUD_PROJECT":"spend-flow-82e37","EVENTARC_CLOUD_EVENT_SOURCE":"projects/spend-flow-82e37/locations/us-central1/services/verifyOtpRegister","FUNCTION_REGION":"us-central1","FUNCTION_TARGET":"verifyOtpRegister","LOG_EXECUTION_ID":"true"},"ingressSettings":"ALLOW_ALL","uri":"https://verifyotpregister-dhf3dbyzbq-uc.a.run.app","serviceAccountEmail":"586343572662-compute@developer.gserviceaccount.com","availableMemory":"256Mi","allTrafficOnLatestRevision":true,"revision":"verifyotpregister-00013-neb","maxInstanceRequestConcurrency":80,"availableCpu":"1"},"state":"ACTIVE","labels":{"deployment-tool":"cli-firebase","deployment-callable":"true","firebase-functions-hash":"a5f4158111f4c640f801e73a4a8e66996b11ce9a"},"environment":"GEN_2","url":"https://us-central1-spend-flow-82e37.cloudfunctions.net/verifyOtpRegister","satisfiesPzi":true},"stages":[{"name":"BUILD","message":"Build in progress","state":"IN_PROGRESS","resource":"projects/586343572662/locations/us-central1/builds/cd7f08c0-abf5-48d4-8bc3-e122ab5bbce0","resourceUri":"https://console.cloud.google.com/cloud-build/builds;region=us-central1/cd7f08c0-abf5-48d4-8bc3-e122ab5bbce0?project=586343572662"},{"name":"SERVICE","state":"NOT_STARTED"}],"operationType":"UPDATE_FUNCTION","buildName":"projects/586343572662/locations/us-central1/builds/cd7f08c0-abf5-48d4-8bc3-e122ab5bbce0"},"done":false}
[debug] [2026-08-02T09:39:55.724Z] <<< [apiv2][status] GET https://cloudfunctions.googleapis.com/v2/projects/spend-flow-82e37/locations/us-central1/operations/operation-1785663592961-6580d34259725-5fb20faa-8254b1a4 200
[debug] [2026-08-02T09:39:55.724Z] <<< [apiv2][body] GET https://cloudfunctions.googleapis.com/v2/projects/spend-flow-82e37/locations/us-central1/operations/operation-1785663592961-6580d34259725-5fb20faa-8254b1a4 {"name":"projects/spend-flow-82e37/locations/us-central1/operations/operation-1785663592961-6580d34259725-5fb20faa-8254b1a4","metadata":{"@type":"type.googleapis.com/google.cloud.functions.v2.OperationMetadata","createTime":"2026-08-02T09:39:53.736121101Z","target":"projects/spend-flow-82e37/locations/us-central1/functions/resetPassword","verb":"update","cancelRequested":false,"apiVersion":"v2","requestResource":{"@type":"type.googleapis.com/google.cloud.functions.v2.Function","name":"projects/spend-flow-82e37/locations/us-central1/functions/resetPassword","buildConfig":{"runtime":"nodejs22","entryPoint":"resetPassword","source":{"storageSource":{"bucket":"gcf-v2-sources-586343572662-us-central1","object":"resetPassword/function-source.zip","generation":"1785663593689079"}},"environmentVariables":{"GOOGLE_NODE_RUN_SCRIPTS":""},"dockerRepository":"projects/spend-flow-82e37/locations/us-central1/repositories/gcf-artifacts","sourceProvenance":{"resolvedStorageSource":{"bucket":"gcf-v2-sources-586343572662-us-central1","object":"resetPassword/function-source.zip","generation":"1785663214749727"}},"dockerRegistry":"ARTIFACT_REGISTRY","serviceAccount":"projects/spend-flow-82e37/serviceAccounts/586343572662-compute@developer.gserviceaccount.com","automaticUpdatePolicy":{}},"serviceConfig":{"service":"projects/spend-flow-82e37/locations/us-central1/services/resetpassword","timeoutSeconds":60,"environmentVariables":{"GEMINI_API_KEY":"AQ.Ab8RN6LizdBNtWT_93ybUvgSWRmdk4cnusZEvPk9MQhF3Syh1g","RESEND_API_KEY":"re_aaz4iWg3_NKVBkCT3yuSuxpgdfNWqKxEK","FIREBASE_CONFIG":"{\"projectId\":\"spend-flow-82e37\",\"storageBucket\":\"spend-flow-82e37.firebasestorage.app\"}","GCLOUD_PROJECT":"spend-flow-82e37","EVENTARC_CLOUD_EVENT_SOURCE":"projects/spend-flow-82e37/locations/us-central1/services/resetPassword","FUNCTION_REGION":"us-central1","FUNCTION_TARGET":"resetPassword","LOG_EXECUTION_ID":"true"},"ingressSettings":"ALLOW_ALL","uri":"https://resetpassword-dhf3dbyzbq-uc.a.run.app","serviceAccountEmail":"586343572662-compute@developer.gserviceaccount.com","availableMemory":"256Mi","allTrafficOnLatestRevision":true,"revision":"resetpassword-00022-nuf","maxInstanceRequestConcurrency":80,"availableCpu":"1"},"state":"ACTIVE","labels":{"deployment-tool":"cli-firebase","deployment-callable":"true","firebase-functions-hash":"a5f4158111f4c640f801e73a4a8e66996b11ce9a"},"environment":"GEN_2","url":"https://us-central1-spend-flow-82e37.cloudfunctions.net/resetPassword","satisfiesPzi":true},"stages":[{"name":"BUILD","message":"Build in progress","state":"IN_PROGRESS","resource":"projects/586343572662/locations/us-central1/builds/ecc95180-0185-4228-be1f-d783871a784d","resourceUri":"https://console.cloud.google.com/cloud-build/builds;region=us-central1/ecc95180-0185-4228-be1f-d783871a784d?project=586343572662"},{"name":"SERVICE","state":"NOT_STARTED"}],"operationType":"UPDATE_FUNCTION","buildName":"projects/586343572662/locations/us-central1/builds/ecc95180-0185-4228-be1f-d783871a784d"},"done":false}
[debug] [2026-08-02T09:39:55.725Z] <<< [apiv2][status] GET https://cloudfunctions.googleapis.com/v2/projects/spend-flow-82e37/locations/us-central1/operations/operation-1785663589193-6580d33ec1909-0c5eb6bf-f7dc4d10 200
[debug] [2026-08-02T09:39:55.725Z] <<< [apiv2][body] GET https://cloudfunctions.googleapis.com/v2/projects/spend-flow-82e37/locations/us-central1/operations/operation-1785663589193-6580d33ec1909-0c5eb6bf-f7dc4d10 {"name":"projects/spend-flow-82e37/locations/us-central1/operations/operation-1785663589193-6580d33ec1909-0c5eb6bf-f7dc4d10","metadata":{"@type":"type.googleapis.com/google.cloud.functions.v2.OperationMetadata","createTime":"2026-08-02T09:39:50.003996624Z","target":"projects/spend-flow-82e37/locations/us-central1/functions/loginUser","verb":"update","cancelRequested":false,"apiVersion":"v2","requestResource":{"@type":"type.googleapis.com/google.cloud.functions.v2.Function","name":"projects/spend-flow-82e37/locations/us-central1/functions/loginUser","buildConfig":{"runtime":"nodejs22","entryPoint":"loginUser","source":{"storageSource":{"bucket":"gcf-v2-sources-586343572662-us-central1","object":"loginUser/function-source.zip","generation":"1785663589951130"}},"environmentVariables":{"GOOGLE_NODE_RUN_SCRIPTS":""},"dockerRepository":"projects/spend-flow-82e37/locations/us-central1/repositories/gcf-artifacts","sourceProvenance":{"resolvedStorageSource":{"bucket":"gcf-v2-sources-586343572662-us-central1","object":"loginUser/function-source.zip","generation":"1785663210364852"}},"dockerRegistry":"ARTIFACT_REGISTRY","serviceAccount":"projects/spend-flow-82e37/serviceAccounts/586343572662-compute@developer.gserviceaccount.com","automaticUpdatePolicy":{}},"serviceConfig":{"service":"projects/spend-flow-82e37/locations/us-central1/services/loginuser","timeoutSeconds":60,"environmentVariables":{"GEMINI_API_KEY":"AQ.Ab8RN6LizdBNtWT_93ybUvgSWRmdk4cnusZEvPk9MQhF3Syh1g","RESEND_API_KEY":"re_aaz4iWg3_NKVBkCT3yuSuxpgdfNWqKxEK","FIREBASE_CONFIG":"{\"projectId\":\"spend-flow-82e37\",\"storageBucket\":\"spend-flow-82e37.firebasestorage.app\"}","GCLOUD_PROJECT":"spend-flow-82e37","EVENTARC_CLOUD_EVENT_SOURCE":"projects/spend-flow-82e37/locations/us-central1/services/loginUser","FUNCTION_REGION":"us-central1","FUNCTION_TARGET":"loginUser","LOG_EXECUTION_ID":"true"},"ingressSettings":"ALLOW_ALL","uri":"https://loginuser-dhf3dbyzbq-uc.a.run.app","serviceAccountEmail":"spend-flow-82e37@appspot.gserviceaccount.com","availableMemory":"256Mi","allTrafficOnLatestRevision":true,"revision":"loginuser-00027-huf","maxInstanceRequestConcurrency":80,"availableCpu":"1"},"state":"ACTIVE","labels":{"deployment-tool":"cli-firebase","deployment-callable":"true","firebase-functions-hash":"a5f4158111f4c640f801e73a4a8e66996b11ce9a"},"environment":"GEN_2","url":"https://us-central1-spend-flow-82e37.cloudfunctions.net/loginUser","satisfiesPzi":true},"stages":[{"name":"BUILD","message":"Build in progress","state":"IN_PROGRESS","resource":"projects/586343572662/locations/us-central1/builds/f2bf506f-2e5a-4218-9ed8-4714e9c9a5f1","resourceUri":"https://console.cloud.google.com/cloud-build/builds;region=us-central1/f2bf506f-2e5a-4218-9ed8-4714e9c9a5f1?project=586343572662"},{"name":"SERVICE","state":"NOT_STARTED"}],"operationType":"UPDATE_FUNCTION","buildName":"projects/586343572662/locations/us-central1/builds/f2bf506f-2e5a-4218-9ed8-4714e9c9a5f1"},"done":false}
[debug] [2026-08-02T09:39:56.004Z] <<< [apiv2][status] PATCH https://cloudfunctions.googleapis.com/v2/projects/spend-flow-82e37/locations/us-central1/functions/analyzeTransactionText 400
[debug] [2026-08-02T09:39:56.004Z] <<< [apiv2][body] PATCH https://cloudfunctions.googleapis.com/v2/projects/spend-flow-82e37/locations/us-central1/functions/analyzeTransactionText {"error":{"code":400,"message":"Could not update Cloud Run service projects/spend-flow-82e37/locations/us-central1/services/analyzetransactiontext. spec.template.spec.containers[0].env: Secret environment variable overlaps non secret environment variable: GEMINI_API_KEY","status":"INVALID_ARGUMENT"}}
[warn] ⚠  functions: Request to https://cloudfunctions.googleapis.com/v2/projects/spend-flow-82e37/locations/us-central1/functions/analyzeTransactionText?updateMask=name%2CbuildConfig.runtime%2CbuildConfig.entryPoint%2CbuildConfig.source.storageSource.bucket%2CbuildConfig.source.storageSource.object%2CbuildConfig.environmentVariables%2CbuildConfig.sourceToken%2CserviceConfig.environmentVariables%2CserviceConfig.secretEnvironmentVariables%2CserviceConfig.ingressSettings%2CserviceConfig.timeoutSeconds%2CserviceConfig.serviceAccountEmail%2CserviceConfig.availableMemory%2CserviceConfig.minInstanceCount%2CserviceConfig.maxInstanceCount%2CserviceConfig.maxInstanceRequestConcurrency%2CserviceConfig.availableCpu%2CserviceConfig.vpcConnector%2CserviceConfig.vpcConnectorEgressSettings%2CserviceConfig.directVpcNetworkInterface%2CserviceConfig.directVpcEgress%2Clabels had HTTP Error: 400, Could not update Cloud Run service projects/spend-flow-82e37/locations/us-central1/services/analyzetransactiontext. spec.template.spec.containers[0].env: Secret environment variable overlaps non secret environment variable: GEMINI_API_KEY 
[warn] ⚠  functions:  failed to update function projects/spend-flow-82e37/locations/us-central1/functions/analyzeTransactionText 
[error] Failed to update function projects/spend-flow-82e37/locations/us-central1/functions/analyzeTransactionText
[debug] [2026-08-02T09:39:56.191Z] [update-default-us-central1-verifyOtpRegister] Retrying task index 0
[debug] [2026-08-02T09:39:56.192Z] Checked if tokens are valid: true, expires at: 1785666689351
[debug] [2026-08-02T09:39:56.192Z] Checked if tokens are valid: true, expires at: 1785666689351
[debug] [2026-08-02T09:39:56.192Z] >>> [apiv2][query] GET https://cloudfunctions.googleapis.com/v2/projects/spend-flow-82e37/locations/us-central1/operations/operation-1785663585232-6580d33afa4b9-20728202-3c5a3fef [none]
[debug] [2026-08-02T09:39:56.226Z] [update-default-us-central1-resetPassword] Retrying task index 0
[debug] [2026-08-02T09:39:56.226Z] Checked if tokens are valid: true, expires at: 1785666689351
[debug] [2026-08-02T09:39:56.227Z] Checked if tokens are valid: true, expires at: 1785666689351
[debug] [2026-08-02T09:39:56.227Z] >>> [apiv2][query] GET https://cloudfunctions.googleapis.com/v2/projects/spend-flow-82e37/locations/us-central1/operations/operation-1785663592961-6580d34259725-5fb20faa-8254b1a4 [none]
[debug] [2026-08-02T09:39:56.228Z] [update-default-us-central1-loginUser] Retrying task index 0
[debug] [2026-08-02T09:39:56.229Z] Checked if tokens are valid: true, expires at: 1785666689351
[debug] [2026-08-02T09:39:56.229Z] Checked if tokens are valid: true, expires at: 1785666689351
[debug] [2026-08-02T09:39:56.229Z] >>> [apiv2][query] GET https://cloudfunctions.googleapis.com/v2/projects/spend-flow-82e37/locations/us-central1/operations/operation-1785663589193-6580d33ec1909-0c5eb6bf-f7dc4d10 [none]
[debug] [2026-08-02T09:39:57.480Z] <<< [apiv2][status] GET https://cloudfunctions.googleapis.com/v2/projects/spend-flow-82e37/locations/us-central1/operations/operation-1785663585232-6580d33afa4b9-20728202-3c5a3fef 200
[debug] [2026-08-02T09:39:57.480Z] <<< [apiv2][body] GET https://cloudfunctions.googleapis.com/v2/projects/spend-flow-82e37/locations/us-central1/operations/operation-1785663585232-6580d33afa4b9-20728202-3c5a3fef {"name":"projects/spend-flow-82e37/locations/us-central1/operations/operation-1785663585232-6580d33afa4b9-20728202-3c5a3fef","metadata":{"@type":"type.googleapis.com/google.cloud.functions.v2.OperationMetadata","createTime":"2026-08-02T09:39:46.056892455Z","target":"projects/spend-flow-82e37/locations/us-central1/functions/verifyOtpRegister","verb":"update","cancelRequested":false,"apiVersion":"v2","requestResource":{"@type":"type.googleapis.com/google.cloud.functions.v2.Function","name":"projects/spend-flow-82e37/locations/us-central1/functions/verifyOtpRegister","buildConfig":{"runtime":"nodejs22","entryPoint":"verifyOtpRegister","source":{"storageSource":{"bucket":"gcf-v2-sources-586343572662-us-central1","object":"verifyOtpRegister/function-source.zip","generation":"1785663586000975"}},"environmentVariables":{"GOOGLE_NODE_RUN_SCRIPTS":""},"dockerRepository":"projects/spend-flow-82e37/locations/us-central1/repositories/gcf-artifacts","sourceProvenance":{"resolvedStorageSource":{"bucket":"gcf-v2-sources-586343572662-us-central1","object":"verifyOtpRegister/function-source.zip","generation":"1785663205842036"}},"dockerRegistry":"ARTIFACT_REGISTRY","serviceAccount":"projects/spend-flow-82e37/serviceAccounts/586343572662-compute@developer.gserviceaccount.com","automaticUpdatePolicy":{}},"serviceConfig":{"service":"projects/spend-flow-82e37/locations/us-central1/services/verifyotpregister","timeoutSeconds":60,"environmentVariables":{"GEMINI_API_KEY":"AQ.Ab8RN6LizdBNtWT_93ybUvgSWRmdk4cnusZEvPk9MQhF3Syh1g","RESEND_API_KEY":"re_aaz4iWg3_NKVBkCT3yuSuxpgdfNWqKxEK","FIREBASE_CONFIG":"{\"projectId\":\"spend-flow-82e37\",\"storageBucket\":\"spend-flow-82e37.firebasestorage.app\"}","GCLOUD_PROJECT":"spend-flow-82e37","EVENTARC_CLOUD_EVENT_SOURCE":"projects/spend-flow-82e37/locations/us-central1/services/verifyOtpRegister","FUNCTION_REGION":"us-central1","FUNCTION_TARGET":"verifyOtpRegister","LOG_EXECUTION_ID":"true"},"ingressSettings":"ALLOW_ALL","uri":"https://verifyotpregister-dhf3dbyzbq-uc.a.run.app","serviceAccountEmail":"586343572662-compute@developer.gserviceaccount.com","availableMemory":"256Mi","allTrafficOnLatestRevision":true,"revision":"verifyotpregister-00013-neb","maxInstanceRequestConcurrency":80,"availableCpu":"1"},"state":"ACTIVE","labels":{"deployment-tool":"cli-firebase","deployment-callable":"true","firebase-functions-hash":"a5f4158111f4c640f801e73a4a8e66996b11ce9a"},"environment":"GEN_2","url":"https://us-central1-spend-flow-82e37.cloudfunctions.net/verifyOtpRegister","satisfiesPzi":true},"stages":[{"name":"BUILD","message":"Build in progress","state":"IN_PROGRESS","resource":"projects/586343572662/locations/us-central1/builds/cd7f08c0-abf5-48d4-8bc3-e122ab5bbce0","resourceUri":"https://console.cloud.google.com/cloud-build/builds;region=us-central1/cd7f08c0-abf5-48d4-8bc3-e122ab5bbce0?project=586343572662"},{"name":"SERVICE","state":"NOT_STARTED"}],"operationType":"UPDATE_FUNCTION","buildName":"projects/586343572662/locations/us-central1/builds/cd7f08c0-abf5-48d4-8bc3-e122ab5bbce0"},"done":false}
[debug] [2026-08-02T09:39:57.510Z] <<< [apiv2][status] GET https://cloudfunctions.googleapis.com/v2/projects/spend-flow-82e37/locations/us-central1/operations/operation-1785663589193-6580d33ec1909-0c5eb6bf-f7dc4d10 200
[debug] [2026-08-02T09:39:57.510Z] <<< [apiv2][body] GET https://cloudfunctions.googleapis.com/v2/projects/spend-flow-82e37/locations/us-central1/operations/operation-1785663589193-6580d33ec1909-0c5eb6bf-f7dc4d10 {"name":"projects/spend-flow-82e37/locations/us-central1/operations/operation-1785663589193-6580d33ec1909-0c5eb6bf-f7dc4d10","metadata":{"@type":"type.googleapis.com/google.cloud.functions.v2.OperationMetadata","createTime":"2026-08-02T09:39:50.003996624Z","target":"projects/spend-flow-82e37/locations/us-central1/functions/loginUser","verb":"update","cancelRequested":false,"apiVersion":"v2","requestResource":{"@type":"type.googleapis.com/google.cloud.functions.v2.Function","name":"projects/spend-flow-82e37/locations/us-central1/functions/loginUser","buildConfig":{"runtime":"nodejs22","entryPoint":"loginUser","source":{"storageSource":{"bucket":"gcf-v2-sources-586343572662-us-central1","object":"loginUser/function-source.zip","generation":"1785663589951130"}},"environmentVariables":{"GOOGLE_NODE_RUN_SCRIPTS":""},"dockerRepository":"projects/spend-flow-82e37/locations/us-central1/repositories/gcf-artifacts","sourceProvenance":{"resolvedStorageSource":{"bucket":"gcf-v2-sources-586343572662-us-central1","object":"loginUser/function-source.zip","generation":"1785663210364852"}},"dockerRegistry":"ARTIFACT_REGISTRY","serviceAccount":"projects/spend-flow-82e37/serviceAccounts/586343572662-compute@developer.gserviceaccount.com","automaticUpdatePolicy":{}},"serviceConfig":{"service":"projects/spend-flow-82e37/locations/us-central1/services/loginuser","timeoutSeconds":60,"environmentVariables":{"GEMINI_API_KEY":"AQ.Ab8RN6LizdBNtWT_93ybUvgSWRmdk4cnusZEvPk9MQhF3Syh1g","RESEND_API_KEY":"re_aaz4iWg3_NKVBkCT3yuSuxpgdfNWqKxEK","FIREBASE_CONFIG":"{\"projectId\":\"spend-flow-82e37\",\"storageBucket\":\"spend-flow-82e37.firebasestorage.app\"}","GCLOUD_PROJECT":"spend-flow-82e37","EVENTARC_CLOUD_EVENT_SOURCE":"projects/spend-flow-82e37/locations/us-central1/services/loginUser","FUNCTION_REGION":"us-central1","FUNCTION_TARGET":"loginUser","LOG_EXECUTION_ID":"true"},"ingressSettings":"ALLOW_ALL","uri":"https://loginuser-dhf3dbyzbq-uc.a.run.app","serviceAccountEmail":"spend-flow-82e37@appspot.gserviceaccount.com","availableMemory":"256Mi","allTrafficOnLatestRevision":true,"revision":"loginuser-00027-huf","maxInstanceRequestConcurrency":80,"availableCpu":"1"},"state":"ACTIVE","labels":{"deployment-tool":"cli-firebase","deployment-callable":"true","firebase-functions-hash":"a5f4158111f4c640f801e73a4a8e66996b11ce9a"},"environment":"GEN_2","url":"https://us-central1-spend-flow-82e37.cloudfunctions.net/loginUser","satisfiesPzi":true},"stages":[{"name":"BUILD","message":"Build in progress","state":"IN_PROGRESS","resource":"projects/586343572662/locations/us-central1/builds/f2bf506f-2e5a-4218-9ed8-4714e9c9a5f1","resourceUri":"https://console.cloud.google.com/cloud-build/builds;region=us-central1/f2bf506f-2e5a-4218-9ed8-4714e9c9a5f1?project=586343572662"},{"name":"SERVICE","state":"NOT_STARTED"}],"operationType":"UPDATE_FUNCTION","buildName":"projects/586343572662/locations/us-central1/builds/f2bf506f-2e5a-4218-9ed8-4714e9c9a5f1"},"done":false}
[debug] [2026-08-02T09:39:57.510Z] <<< [apiv2][status] GET https://cloudfunctions.googleapis.com/v2/projects/spend-flow-82e37/locations/us-central1/operations/operation-1785663592961-6580d34259725-5fb20faa-8254b1a4 200
[debug] [2026-08-02T09:39:57.510Z] <<< [apiv2][body] GET https://cloudfunctions.googleapis.com/v2/projects/spend-flow-82e37/locations/us-central1/operations/operation-1785663592961-6580d34259725-5fb20faa-8254b1a4 {"name":"projects/spend-flow-82e37/locations/us-central1/operations/operation-1785663592961-6580d34259725-5fb20faa-8254b1a4","metadata":{"@type":"type.googleapis.com/google.cloud.functions.v2.OperationMetadata","createTime":"2026-08-02T09:39:53.736121101Z","target":"projects/spend-flow-82e37/locations/us-central1/functions/resetPassword","verb":"update","cancelRequested":false,"apiVersion":"v2","requestResource":{"@type":"type.googleapis.com/google.cloud.functions.v2.Function","name":"projects/spend-flow-82e37/locations/us-central1/functions/resetPassword","buildConfig":{"runtime":"nodejs22","entryPoint":"resetPassword","source":{"storageSource":{"bucket":"gcf-v2-sources-586343572662-us-central1","object":"resetPassword/function-source.zip","generation":"1785663593689079"}},"environmentVariables":{"GOOGLE_NODE_RUN_SCRIPTS":""},"dockerRepository":"projects/spend-flow-82e37/locations/us-central1/repositories/gcf-artifacts","sourceProvenance":{"resolvedStorageSource":{"bucket":"gcf-v2-sources-586343572662-us-central1","object":"resetPassword/function-source.zip","generation":"1785663214749727"}},"dockerRegistry":"ARTIFACT_REGISTRY","serviceAccount":"projects/spend-flow-82e37/serviceAccounts/586343572662-compute@developer.gserviceaccount.com","automaticUpdatePolicy":{}},"serviceConfig":{"service":"projects/spend-flow-82e37/locations/us-central1/services/resetpassword","timeoutSeconds":60,"environmentVariables":{"GEMINI_API_KEY":"AQ.Ab8RN6LizdBNtWT_93ybUvgSWRmdk4cnusZEvPk9MQhF3Syh1g","RESEND_API_KEY":"re_aaz4iWg3_NKVBkCT3yuSuxpgdfNWqKxEK","FIREBASE_CONFIG":"{\"projectId\":\"spend-flow-82e37\",\"storageBucket\":\"spend-flow-82e37.firebasestorage.app\"}","GCLOUD_PROJECT":"spend-flow-82e37","EVENTARC_CLOUD_EVENT_SOURCE":"projects/spend-flow-82e37/locations/us-central1/services/resetPassword","FUNCTION_REGION":"us-central1","FUNCTION_TARGET":"resetPassword","LOG_EXECUTION_ID":"true"},"ingressSettings":"ALLOW_ALL","uri":"https://resetpassword-dhf3dbyzbq-uc.a.run.app","serviceAccountEmail":"586343572662-compute@developer.gserviceaccount.com","availableMemory":"256Mi","allTrafficOnLatestRevision":true,"revision":"resetpassword-00022-nuf","maxInstanceRequestConcurrency":80,"availableCpu":"1"},"state":"ACTIVE","labels":{"deployment-tool":"cli-firebase","deployment-callable":"true","firebase-functions-hash":"a5f4158111f4c640f801e73a4a8e66996b11ce9a"},"environment":"GEN_2","url":"https://us-central1-spend-flow-82e37.cloudfunctions.net/resetPassword","satisfiesPzi":true},"stages":[{"name":"BUILD","message":"Build in progress","state":"IN_PROGRESS","resource":"projects/586343572662/locations/us-central1/builds/ecc95180-0185-4228-be1f-d783871a784d","resourceUri":"https://console.cloud.google.com/cloud-build/builds;region=us-central1/ecc95180-0185-4228-be1f-d783871a784d?project=586343572662"},{"name":"SERVICE","state":"NOT_STARTED"}],"operationType":"UPDATE_FUNCTION","buildName":"projects/586343572662/locations/us-central1/builds/ecc95180-0185-4228-be1f-d783871a784d"},"done":false}
[debug] [2026-08-02T09:39:58.482Z] [update-default-us-central1-verifyOtpRegister] Retrying task index 0
[debug] [2026-08-02T09:39:58.483Z] Checked if tokens are valid: true, expires at: 1785666689351
[debug] [2026-08-02T09:39:58.483Z] Checked if tokens are valid: true, expires at: 1785666689351
[debug] [2026-08-02T09:39:58.483Z] >>> [apiv2][query] GET https://cloudfunctions.googleapis.com/v2/projects/spend-flow-82e37/locations/us-central1/operations/operation-1785663585232-6580d33afa4b9-20728202-3c5a3fef [none]
[debug] [2026-08-02T09:39:58.511Z] [update-default-us-central1-loginUser] Retrying task index 0
[debug] [2026-08-02T09:39:58.512Z] Checked if tokens are valid: true, expires at: 1785666689351
[debug] [2026-08-02T09:39:58.512Z] Checked if tokens are valid: true, expires at: 1785666689351
[debug] [2026-08-02T09:39:58.513Z] >>> [apiv2][query] GET https://cloudfunctions.googleapis.com/v2/projects/spend-flow-82e37/locations/us-central1/operations/operation-1785663589193-6580d33ec1909-0c5eb6bf-f7dc4d10 [none]
[debug] [2026-08-02T09:39:58.515Z] [update-default-us-central1-resetPassword] Retrying task index 0
[debug] [2026-08-02T09:39:58.515Z] Checked if tokens are valid: true, expires at: 1785666689351
[debug] [2026-08-02T09:39:58.515Z] Checked if tokens are valid: true, expires at: 1785666689351
[debug] [2026-08-02T09:39:58.515Z] >>> [apiv2][query] GET https://cloudfunctions.googleapis.com/v2/projects/spend-flow-82e37/locations/us-central1/operations/operation-1785663592961-6580d34259725-5fb20faa-8254b1a4 [none]
[debug] [2026-08-02T09:39:59.838Z] <<< [apiv2][status] GET https://cloudfunctions.googleapis.com/v2/projects/spend-flow-82e37/locations/us-central1/operations/operation-1785663592961-6580d34259725-5fb20faa-8254b1a4 200
[debug] [2026-08-02T09:39:59.838Z] <<< [apiv2][body] GET https://cloudfunctions.googleapis.com/v2/projects/spend-flow-82e37/locations/us-central1/operations/operation-1785663592961-6580d34259725-5fb20faa-8254b1a4 {"name":"projects/spend-flow-82e37/locations/us-central1/operations/operation-1785663592961-6580d34259725-5fb20faa-8254b1a4","metadata":{"@type":"type.googleapis.com/google.cloud.functions.v2.OperationMetadata","createTime":"2026-08-02T09:39:53.736121101Z","target":"projects/spend-flow-82e37/locations/us-central1/functions/resetPassword","verb":"update","cancelRequested":false,"apiVersion":"v2","requestResource":{"@type":"type.googleapis.com/google.cloud.functions.v2.Function","name":"projects/spend-flow-82e37/locations/us-central1/functions/resetPassword","buildConfig":{"runtime":"nodejs22","entryPoint":"resetPassword","source":{"storageSource":{"bucket":"gcf-v2-sources-586343572662-us-central1","object":"resetPassword/function-source.zip","generation":"1785663593689079"}},"environmentVariables":{"GOOGLE_NODE_RUN_SCRIPTS":""},"dockerRepository":"projects/spend-flow-82e37/locations/us-central1/repositories/gcf-artifacts","sourceProvenance":{"resolvedStorageSource":{"bucket":"gcf-v2-sources-586343572662-us-central1","object":"resetPassword/function-source.zip","generation":"1785663214749727"}},"dockerRegistry":"ARTIFACT_REGISTRY","serviceAccount":"projects/spend-flow-82e37/serviceAccounts/586343572662-compute@developer.gserviceaccount.com","automaticUpdatePolicy":{}},"serviceConfig":{"service":"projects/spend-flow-82e37/locations/us-central1/services/resetpassword","timeoutSeconds":60,"environmentVariables":{"GEMINI_API_KEY":"AQ.Ab8RN6LizdBNtWT_93ybUvgSWRmdk4cnusZEvPk9MQhF3Syh1g","RESEND_API_KEY":"re_aaz4iWg3_NKVBkCT3yuSuxpgdfNWqKxEK","FIREBASE_CONFIG":"{\"projectId\":\"spend-flow-82e37\",\"storageBucket\":\"spend-flow-82e37.firebasestorage.app\"}","GCLOUD_PROJECT":"spend-flow-82e37","EVENTARC_CLOUD_EVENT_SOURCE":"projects/spend-flow-82e37/locations/us-central1/services/resetPassword","FUNCTION_REGION":"us-central1","FUNCTION_TARGET":"resetPassword","LOG_EXECUTION_ID":"true"},"ingressSettings":"ALLOW_ALL","uri":"https://resetpassword-dhf3dbyzbq-uc.a.run.app","serviceAccountEmail":"586343572662-compute@developer.gserviceaccount.com","availableMemory":"256Mi","allTrafficOnLatestRevision":true,"revision":"resetpassword-00022-nuf","maxInstanceRequestConcurrency":80,"availableCpu":"1"},"state":"ACTIVE","labels":{"deployment-tool":"cli-firebase","deployment-callable":"true","firebase-functions-hash":"a5f4158111f4c640f801e73a4a8e66996b11ce9a"},"environment":"GEN_2","url":"https://us-central1-spend-flow-82e37.cloudfunctions.net/resetPassword","satisfiesPzi":true},"stages":[{"name":"BUILD","message":"Build in progress","state":"IN_PROGRESS","resource":"projects/586343572662/locations/us-central1/builds/ecc95180-0185-4228-be1f-d783871a784d","resourceUri":"https://console.cloud.google.com/cloud-build/builds;region=us-central1/ecc95180-0185-4228-be1f-d783871a784d?project=586343572662"},{"name":"SERVICE","state":"NOT_STARTED"}],"operationType":"UPDATE_FUNCTION","buildName":"projects/586343572662/locations/us-central1/builds/ecc95180-0185-4228-be1f-d783871a784d"},"done":false}
[debug] [2026-08-02T09:39:59.839Z] <<< [apiv2][status] GET https://cloudfunctions.googleapis.com/v2/projects/spend-flow-82e37/locations/us-central1/operations/operation-1785663585232-6580d33afa4b9-20728202-3c5a3fef 200
[debug] [2026-08-02T09:39:59.839Z] <<< [apiv2][body] GET https://cloudfunctions.googleapis.com/v2/projects/spend-flow-82e37/locations/us-central1/operations/operation-1785663585232-6580d33afa4b9-20728202-3c5a3fef {"name":"projects/spend-flow-82e37/locations/us-central1/operations/operation-1785663585232-6580d33afa4b9-20728202-3c5a3fef","metadata":{"@type":"type.googleapis.com/google.cloud.functions.v2.OperationMetadata","createTime":"2026-08-02T09:39:46.056892455Z","target":"projects/spend-flow-82e37/locations/us-central1/functions/verifyOtpRegister","verb":"update","cancelRequested":false,"apiVersion":"v2","requestResource":{"@type":"type.googleapis.com/google.cloud.functions.v2.Function","name":"projects/spend-flow-82e37/locations/us-central1/functions/verifyOtpRegister","buildConfig":{"runtime":"nodejs22","entryPoint":"verifyOtpRegister","source":{"storageSource":{"bucket":"gcf-v2-sources-586343572662-us-central1","object":"verifyOtpRegister/function-source.zip","generation":"1785663586000975"}},"environmentVariables":{"GOOGLE_NODE_RUN_SCRIPTS":""},"dockerRepository":"projects/spend-flow-82e37/locations/us-central1/repositories/gcf-artifacts","sourceProvenance":{"resolvedStorageSource":{"bucket":"gcf-v2-sources-586343572662-us-central1","object":"verifyOtpRegister/function-source.zip","generation":"1785663205842036"}},"dockerRegistry":"ARTIFACT_REGISTRY","serviceAccount":"projects/spend-flow-82e37/serviceAccounts/586343572662-compute@developer.gserviceaccount.com","automaticUpdatePolicy":{}},"serviceConfig":{"service":"projects/spend-flow-82e37/locations/us-central1/services/verifyotpregister","timeoutSeconds":60,"environmentVariables":{"GEMINI_API_KEY":"AQ.Ab8RN6LizdBNtWT_93ybUvgSWRmdk4cnusZEvPk9MQhF3Syh1g","RESEND_API_KEY":"re_aaz4iWg3_NKVBkCT3yuSuxpgdfNWqKxEK","FIREBASE_CONFIG":"{\"projectId\":\"spend-flow-82e37\",\"storageBucket\":\"spend-flow-82e37.firebasestorage.app\"}","GCLOUD_PROJECT":"spend-flow-82e37","EVENTARC_CLOUD_EVENT_SOURCE":"projects/spend-flow-82e37/locations/us-central1/services/verifyOtpRegister","FUNCTION_REGION":"us-central1","FUNCTION_TARGET":"verifyOtpRegister","LOG_EXECUTION_ID":"true"},"ingressSettings":"ALLOW_ALL","uri":"https://verifyotpregister-dhf3dbyzbq-uc.a.run.app","serviceAccountEmail":"586343572662-compute@developer.gserviceaccount.com","availableMemory":"256Mi","allTrafficOnLatestRevision":true,"revision":"verifyotpregister-00013-neb","maxInstanceRequestConcurrency":80,"availableCpu":"1"},"state":"ACTIVE","labels":{"deployment-tool":"cli-firebase","deployment-callable":"true","firebase-functions-hash":"a5f4158111f4c640f801e73a4a8e66996b11ce9a"},"environment":"GEN_2","url":"https://us-central1-spend-flow-82e37.cloudfunctions.net/verifyOtpRegister","satisfiesPzi":true},"stages":[{"name":"BUILD","message":"Build in progress","state":"IN_PROGRESS","resource":"projects/586343572662/locations/us-central1/builds/cd7f08c0-abf5-48d4-8bc3-e122ab5bbce0","resourceUri":"https://console.cloud.google.com/cloud-build/builds;region=us-central1/cd7f08c0-abf5-48d4-8bc3-e122ab5bbce0?project=586343572662"},{"name":"SERVICE","state":"NOT_STARTED"}],"operationType":"UPDATE_FUNCTION","buildName":"projects/586343572662/locations/us-central1/builds/cd7f08c0-abf5-48d4-8bc3-e122ab5bbce0"},"done":false}
[debug] [2026-08-02T09:39:59.861Z] <<< [apiv2][status] GET https://cloudfunctions.googleapis.com/v2/projects/spend-flow-82e37/locations/us-central1/operations/operation-1785663589193-6580d33ec1909-0c5eb6bf-f7dc4d10 200
[debug] [2026-08-02T09:39:59.861Z] <<< [apiv2][body] GET https://cloudfunctions.googleapis.com/v2/projects/spend-flow-82e37/locations/us-central1/operations/operation-1785663589193-6580d33ec1909-0c5eb6bf-f7dc4d10 {"name":"projects/spend-flow-82e37/locations/us-central1/operations/operation-1785663589193-6580d33ec1909-0c5eb6bf-f7dc4d10","metadata":{"@type":"type.googleapis.com/google.cloud.functions.v2.OperationMetadata","createTime":"2026-08-02T09:39:50.003996624Z","target":"projects/spend-flow-82e37/locations/us-central1/functions/loginUser","verb":"update","cancelRequested":false,"apiVersion":"v2","requestResource":{"@type":"type.googleapis.com/google.cloud.functions.v2.Function","name":"projects/spend-flow-82e37/locations/us-central1/functions/loginUser","buildConfig":{"runtime":"nodejs22","entryPoint":"loginUser","source":{"storageSource":{"bucket":"gcf-v2-sources-586343572662-us-central1","object":"loginUser/function-source.zip","generation":"1785663589951130"}},"environmentVariables":{"GOOGLE_NODE_RUN_SCRIPTS":""},"dockerRepository":"projects/spend-flow-82e37/locations/us-central1/repositories/gcf-artifacts","sourceProvenance":{"resolvedStorageSource":{"bucket":"gcf-v2-sources-586343572662-us-central1","object":"loginUser/function-source.zip","generation":"1785663210364852"}},"dockerRegistry":"ARTIFACT_REGISTRY","serviceAccount":"projects/spend-flow-82e37/serviceAccounts/586343572662-compute@developer.gserviceaccount.com","automaticUpdatePolicy":{}},"serviceConfig":{"service":"projects/spend-flow-82e37/locations/us-central1/services/loginuser","timeoutSeconds":60,"environmentVariables":{"GEMINI_API_KEY":"AQ.Ab8RN6LizdBNtWT_93ybUvgSWRmdk4cnusZEvPk9MQhF3Syh1g","RESEND_API_KEY":"re_aaz4iWg3_NKVBkCT3yuSuxpgdfNWqKxEK","FIREBASE_CONFIG":"{\"projectId\":\"spend-flow-82e37\",\"storageBucket\":\"spend-flow-82e37.firebasestorage.app\"}","GCLOUD_PROJECT":"spend-flow-82e37","EVENTARC_CLOUD_EVENT_SOURCE":"projects/spend-flow-82e37/locations/us-central1/services/loginUser","FUNCTION_REGION":"us-central1","FUNCTION_TARGET":"loginUser","LOG_EXECUTION_ID":"true"},"ingressSettings":"ALLOW_ALL","uri":"https://loginuser-dhf3dbyzbq-uc.a.run.app","serviceAccountEmail":"spend-flow-82e37@appspot.gserviceaccount.com","availableMemory":"256Mi","allTrafficOnLatestRevision":true,"revision":"loginuser-00027-huf","maxInstanceRequestConcurrency":80,"availableCpu":"1"},"state":"ACTIVE","labels":{"deployment-tool":"cli-firebase","deployment-callable":"true","firebase-functions-hash":"a5f4158111f4c640f801e73a4a8e66996b11ce9a"},"environment":"GEN_2","url":"https://us-central1-spend-flow-82e37.cloudfunctions.net/loginUser","satisfiesPzi":true},"stages":[{"name":"BUILD","message":"Build in progress","state":"IN_PROGRESS","resource":"projects/586343572662/locations/us-central1/builds/f2bf506f-2e5a-4218-9ed8-4714e9c9a5f1","resourceUri":"https://console.cloud.google.com/cloud-build/builds;region=us-central1/f2bf506f-2e5a-4218-9ed8-4714e9c9a5f1?project=586343572662"},{"name":"SERVICE","state":"NOT_STARTED"}],"operationType":"UPDATE_FUNCTION","buildName":"projects/586343572662/locations/us-central1/builds/f2bf506f-2e5a-4218-9ed8-4714e9c9a5f1"},"done":false}
[debug] [2026-08-02T09:40:01.840Z] [update-default-us-central1-resetPassword] Retrying task index 0
[debug] [2026-08-02T09:40:01.842Z] Checked if tokens are valid: true, expires at: 1785666689351
[debug] [2026-08-02T09:40:01.842Z] Checked if tokens are valid: true, expires at: 1785666689351
[debug] [2026-08-02T09:40:01.842Z] >>> [apiv2][query] GET https://cloudfunctions.googleapis.com/v2/projects/spend-flow-82e37/locations/us-central1/operations/operation-1785663592961-6580d34259725-5fb20faa-8254b1a4 [none]
[debug] [2026-08-02T09:40:01.843Z] [update-default-us-central1-verifyOtpRegister] Retrying task index 0
[debug] [2026-08-02T09:40:01.843Z] Checked if tokens are valid: true, expires at: 1785666689351
[debug] [2026-08-02T09:40:01.843Z] Checked if tokens are valid: true, expires at: 1785666689351
[debug] [2026-08-02T09:40:01.843Z] >>> [apiv2][query] GET https://cloudfunctions.googleapis.com/v2/projects/spend-flow-82e37/locations/us-central1/operations/operation-1785663585232-6580d33afa4b9-20728202-3c5a3fef [none]
[debug] [2026-08-02T09:40:01.862Z] [update-default-us-central1-loginUser] Retrying task index 0
[debug] [2026-08-02T09:40:01.863Z] Checked if tokens are valid: true, expires at: 1785666689351
[debug] [2026-08-02T09:40:01.863Z] Checked if tokens are valid: true, expires at: 1785666689351
[debug] [2026-08-02T09:40:01.863Z] >>> [apiv2][query] GET https://cloudfunctions.googleapis.com/v2/projects/spend-flow-82e37/locations/us-central1/operations/operation-1785663589193-6580d33ec1909-0c5eb6bf-f7dc4d10 [none]
[debug] [2026-08-02T09:40:02.198Z] <<< [apiv2][status] GET https://cloudfunctions.googleapis.com/v2/projects/spend-flow-82e37/locations/us-central1/operations/operation-1785663585232-6580d33afa4b9-20728202-3c5a3fef 200
[debug] [2026-08-02T09:40:02.198Z] <<< [apiv2][body] GET https://cloudfunctions.googleapis.com/v2/projects/spend-flow-82e37/locations/us-central1/operations/operation-1785663585232-6580d33afa4b9-20728202-3c5a3fef {"name":"projects/spend-flow-82e37/locations/us-central1/operations/operation-1785663585232-6580d33afa4b9-20728202-3c5a3fef","metadata":{"@type":"type.googleapis.com/google.cloud.functions.v2.OperationMetadata","createTime":"2026-08-02T09:39:46.056892455Z","target":"projects/spend-flow-82e37/locations/us-central1/functions/verifyOtpRegister","verb":"update","cancelRequested":false,"apiVersion":"v2","requestResource":{"@type":"type.googleapis.com/google.cloud.functions.v2.Function","name":"projects/spend-flow-82e37/locations/us-central1/functions/verifyOtpRegister","buildConfig":{"runtime":"nodejs22","entryPoint":"verifyOtpRegister","source":{"storageSource":{"bucket":"gcf-v2-sources-586343572662-us-central1","object":"verifyOtpRegister/function-source.zip","generation":"1785663586000975"}},"environmentVariables":{"GOOGLE_NODE_RUN_SCRIPTS":""},"dockerRepository":"projects/spend-flow-82e37/locations/us-central1/repositories/gcf-artifacts","sourceProvenance":{"resolvedStorageSource":{"bucket":"gcf-v2-sources-586343572662-us-central1","object":"verifyOtpRegister/function-source.zip","generation":"1785663205842036"}},"dockerRegistry":"ARTIFACT_REGISTRY","serviceAccount":"projects/spend-flow-82e37/serviceAccounts/586343572662-compute@developer.gserviceaccount.com","automaticUpdatePolicy":{}},"serviceConfig":{"service":"projects/spend-flow-82e37/locations/us-central1/services/verifyotpregister","timeoutSeconds":60,"environmentVariables":{"GEMINI_API_KEY":"AQ.Ab8RN6LizdBNtWT_93ybUvgSWRmdk4cnusZEvPk9MQhF3Syh1g","RESEND_API_KEY":"re_aaz4iWg3_NKVBkCT3yuSuxpgdfNWqKxEK","FIREBASE_CONFIG":"{\"projectId\":\"spend-flow-82e37\",\"storageBucket\":\"spend-flow-82e37.firebasestorage.app\"}","GCLOUD_PROJECT":"spend-flow-82e37","EVENTARC_CLOUD_EVENT_SOURCE":"projects/spend-flow-82e37/locations/us-central1/services/verifyOtpRegister","FUNCTION_REGION":"us-central1","FUNCTION_TARGET":"verifyOtpRegister","LOG_EXECUTION_ID":"true"},"ingressSettings":"ALLOW_ALL","uri":"https://verifyotpregister-dhf3dbyzbq-uc.a.run.app","serviceAccountEmail":"586343572662-compute@developer.gserviceaccount.com","availableMemory":"256Mi","allTrafficOnLatestRevision":true,"revision":"verifyotpregister-00013-neb","maxInstanceRequestConcurrency":80,"availableCpu":"1"},"state":"ACTIVE","labels":{"deployment-tool":"cli-firebase","deployment-callable":"true","firebase-functions-hash":"a5f4158111f4c640f801e73a4a8e66996b11ce9a"},"environment":"GEN_2","url":"https://us-central1-spend-flow-82e37.cloudfunctions.net/verifyOtpRegister","satisfiesPzi":true},"stages":[{"name":"BUILD","message":"Build in progress","state":"IN_PROGRESS","resource":"projects/586343572662/locations/us-central1/builds/cd7f08c0-abf5-48d4-8bc3-e122ab5bbce0","resourceUri":"https://console.cloud.google.com/cloud-build/builds;region=us-central1/cd7f08c0-abf5-48d4-8bc3-e122ab5bbce0?project=586343572662"},{"name":"SERVICE","state":"NOT_STARTED"}],"operationType":"UPDATE_FUNCTION","buildName":"projects/586343572662/locations/us-central1/builds/cd7f08c0-abf5-48d4-8bc3-e122ab5bbce0"},"done":false}
[debug] [2026-08-02T09:40:03.133Z] <<< [apiv2][status] GET https://cloudfunctions.googleapis.com/v2/projects/spend-flow-82e37/locations/us-central1/operations/operation-1785663592961-6580d34259725-5fb20faa-8254b1a4 200
[debug] [2026-08-02T09:40:03.133Z] <<< [apiv2][body] GET https://cloudfunctions.googleapis.com/v2/projects/spend-flow-82e37/locations/us-central1/operations/operation-1785663592961-6580d34259725-5fb20faa-8254b1a4 {"name":"projects/spend-flow-82e37/locations/us-central1/operations/operation-1785663592961-6580d34259725-5fb20faa-8254b1a4","metadata":{"@type":"type.googleapis.com/google.cloud.functions.v2.OperationMetadata","createTime":"2026-08-02T09:39:53.736121101Z","target":"projects/spend-flow-82e37/locations/us-central1/functions/resetPassword","verb":"update","cancelRequested":false,"apiVersion":"v2","requestResource":{"@type":"type.googleapis.com/google.cloud.functions.v2.Function","name":"projects/spend-flow-82e37/locations/us-central1/functions/resetPassword","buildConfig":{"runtime":"nodejs22","entryPoint":"resetPassword","source":{"storageSource":{"bucket":"gcf-v2-sources-586343572662-us-central1","object":"resetPassword/function-source.zip","generation":"1785663593689079"}},"environmentVariables":{"GOOGLE_NODE_RUN_SCRIPTS":""},"dockerRepository":"projects/spend-flow-82e37/locations/us-central1/repositories/gcf-artifacts","sourceProvenance":{"resolvedStorageSource":{"bucket":"gcf-v2-sources-586343572662-us-central1","object":"resetPassword/function-source.zip","generation":"1785663214749727"}},"dockerRegistry":"ARTIFACT_REGISTRY","serviceAccount":"projects/spend-flow-82e37/serviceAccounts/586343572662-compute@developer.gserviceaccount.com","automaticUpdatePolicy":{}},"serviceConfig":{"service":"projects/spend-flow-82e37/locations/us-central1/services/resetpassword","timeoutSeconds":60,"environmentVariables":{"GEMINI_API_KEY":"AQ.Ab8RN6LizdBNtWT_93ybUvgSWRmdk4cnusZEvPk9MQhF3Syh1g","RESEND_API_KEY":"re_aaz4iWg3_NKVBkCT3yuSuxpgdfNWqKxEK","FIREBASE_CONFIG":"{\"projectId\":\"spend-flow-82e37\",\"storageBucket\":\"spend-flow-82e37.firebasestorage.app\"}","GCLOUD_PROJECT":"spend-flow-82e37","EVENTARC_CLOUD_EVENT_SOURCE":"projects/spend-flow-82e37/locations/us-central1/services/resetPassword","FUNCTION_REGION":"us-central1","FUNCTION_TARGET":"resetPassword","LOG_EXECUTION_ID":"true"},"ingressSettings":"ALLOW_ALL","uri":"https://resetpassword-dhf3dbyzbq-uc.a.run.app","serviceAccountEmail":"586343572662-compute@developer.gserviceaccount.com","availableMemory":"256Mi","allTrafficOnLatestRevision":true,"revision":"resetpassword-00022-nuf","maxInstanceRequestConcurrency":80,"availableCpu":"1"},"state":"ACTIVE","labels":{"deployment-tool":"cli-firebase","deployment-callable":"true","firebase-functions-hash":"a5f4158111f4c640f801e73a4a8e66996b11ce9a"},"environment":"GEN_2","url":"https://us-central1-spend-flow-82e37.cloudfunctions.net/resetPassword","satisfiesPzi":true},"stages":[{"name":"BUILD","message":"Build in progress","state":"IN_PROGRESS","resource":"projects/586343572662/locations/us-central1/builds/ecc95180-0185-4228-be1f-d783871a784d","resourceUri":"https://console.cloud.google.com/cloud-build/builds;region=us-central1/ecc95180-0185-4228-be1f-d783871a784d?project=586343572662"},{"name":"SERVICE","state":"NOT_STARTED"}],"operationType":"UPDATE_FUNCTION","buildName":"projects/586343572662/locations/us-central1/builds/ecc95180-0185-4228-be1f-d783871a784d"},"done":false}
[debug] [2026-08-02T09:40:03.133Z] <<< [apiv2][status] GET https://cloudfunctions.googleapis.com/v2/projects/spend-flow-82e37/locations/us-central1/operations/operation-1785663589193-6580d33ec1909-0c5eb6bf-f7dc4d10 200
[debug] [2026-08-02T09:40:03.133Z] <<< [apiv2][body] GET https://cloudfunctions.googleapis.com/v2/projects/spend-flow-82e37/locations/us-central1/operations/operation-1785663589193-6580d33ec1909-0c5eb6bf-f7dc4d10 {"name":"projects/spend-flow-82e37/locations/us-central1/operations/operation-1785663589193-6580d33ec1909-0c5eb6bf-f7dc4d10","metadata":{"@type":"type.googleapis.com/google.cloud.functions.v2.OperationMetadata","createTime":"2026-08-02T09:39:50.003996624Z","target":"projects/spend-flow-82e37/locations/us-central1/functions/loginUser","verb":"update","cancelRequested":false,"apiVersion":"v2","requestResource":{"@type":"type.googleapis.com/google.cloud.functions.v2.Function","name":"projects/spend-flow-82e37/locations/us-central1/functions/loginUser","buildConfig":{"runtime":"nodejs22","entryPoint":"loginUser","source":{"storageSource":{"bucket":"gcf-v2-sources-586343572662-us-central1","object":"loginUser/function-source.zip","generation":"1785663589951130"}},"environmentVariables":{"GOOGLE_NODE_RUN_SCRIPTS":""},"dockerRepository":"projects/spend-flow-82e37/locations/us-central1/repositories/gcf-artifacts","sourceProvenance":{"resolvedStorageSource":{"bucket":"gcf-v2-sources-586343572662-us-central1","object":"loginUser/function-source.zip","generation":"1785663210364852"}},"dockerRegistry":"ARTIFACT_REGISTRY","serviceAccount":"projects/spend-flow-82e37/serviceAccounts/586343572662-compute@developer.gserviceaccount.com","automaticUpdatePolicy":{}},"serviceConfig":{"service":"projects/spend-flow-82e37/locations/us-central1/services/loginuser","timeoutSeconds":60,"environmentVariables":{"GEMINI_API_KEY":"AQ.Ab8RN6LizdBNtWT_93ybUvgSWRmdk4cnusZEvPk9MQhF3Syh1g","RESEND_API_KEY":"re_aaz4iWg3_NKVBkCT3yuSuxpgdfNWqKxEK","FIREBASE_CONFIG":"{\"projectId\":\"spend-flow-82e37\",\"storageBucket\":\"spend-flow-82e37.firebasestorage.app\"}","GCLOUD_PROJECT":"spend-flow-82e37","EVENTARC_CLOUD_EVENT_SOURCE":"projects/spend-flow-82e37/locations/us-central1/services/loginUser","FUNCTION_REGION":"us-central1","FUNCTION_TARGET":"loginUser","LOG_EXECUTION_ID":"true"},"ingressSettings":"ALLOW_ALL","uri":"https://loginuser-dhf3dbyzbq-uc.a.run.app","serviceAccountEmail":"spend-flow-82e37@appspot.gserviceaccount.com","availableMemory":"256Mi","allTrafficOnLatestRevision":true,"revision":"loginuser-00027-huf","maxInstanceRequestConcurrency":80,"availableCpu":"1"},"state":"ACTIVE","labels":{"deployment-tool":"cli-firebase","deployment-callable":"true","firebase-functions-hash":"a5f4158111f4c640f801e73a4a8e66996b11ce9a"},"environment":"GEN_2","url":"https://us-central1-spend-flow-82e37.cloudfunctions.net/loginUser","satisfiesPzi":true},"stages":[{"name":"BUILD","message":"Build in progress","state":"IN_PROGRESS","resource":"projects/586343572662/locations/us-central1/builds/f2bf506f-2e5a-4218-9ed8-4714e9c9a5f1","resourceUri":"https://console.cloud.google.com/cloud-build/builds;region=us-central1/f2bf506f-2e5a-4218-9ed8-4714e9c9a5f1?project=586343572662"},{"name":"SERVICE","state":"NOT_STARTED"}],"operationType":"UPDATE_FUNCTION","buildName":"projects/586343572662/locations/us-central1/builds/f2bf506f-2e5a-4218-9ed8-4714e9c9a5f1"},"done":false}
[debug] [2026-08-02T09:40:06.205Z] [update-default-us-central1-verifyOtpRegister] Retrying task index 0
[debug] [2026-08-02T09:40:06.206Z] Checked if tokens are valid: true, expires at: 1785666689351
[debug] [2026-08-02T09:40:06.206Z] Checked if tokens are valid: true, expires at: 1785666689351
[debug] [2026-08-02T09:40:06.206Z] >>> [apiv2][query] GET https://cloudfunctions.googleapis.com/v2/projects/spend-flow-82e37/locations/us-central1/operations/operation-1785663585232-6580d33afa4b9-20728202-3c5a3fef [none]
[debug] [2026-08-02T09:40:07.134Z] [update-default-us-central1-resetPassword] Retrying task index 0
[debug] [2026-08-02T09:40:07.135Z] Checked if tokens are valid: true, expires at: 1785666689351
[debug] [2026-08-02T09:40:07.135Z] Checked if tokens are valid: true, expires at: 1785666689351
[debug] [2026-08-02T09:40:07.135Z] >>> [apiv2][query] GET https://cloudfunctions.googleapis.com/v2/projects/spend-flow-82e37/locations/us-central1/operations/operation-1785663592961-6580d34259725-5fb20faa-8254b1a4 [none]
[debug] [2026-08-02T09:40:07.136Z] [update-default-us-central1-loginUser] Retrying task index 0
[debug] [2026-08-02T09:40:07.136Z] Checked if tokens are valid: true, expires at: 1785666689351
[debug] [2026-08-02T09:40:07.136Z] Checked if tokens are valid: true, expires at: 1785666689351
[debug] [2026-08-02T09:40:07.136Z] >>> [apiv2][query] GET https://cloudfunctions.googleapis.com/v2/projects/spend-flow-82e37/locations/us-central1/operations/operation-1785663589193-6580d33ec1909-0c5eb6bf-f7dc4d10 [none]
[debug] [2026-08-02T09:40:07.517Z] <<< [apiv2][status] GET https://cloudfunctions.googleapis.com/v2/projects/spend-flow-82e37/locations/us-central1/operations/operation-1785663585232-6580d33afa4b9-20728202-3c5a3fef 200
[debug] [2026-08-02T09:40:07.518Z] <<< [apiv2][body] GET https://cloudfunctions.googleapis.com/v2/projects/spend-flow-82e37/locations/us-central1/operations/operation-1785663585232-6580d33afa4b9-20728202-3c5a3fef {"name":"projects/spend-flow-82e37/locations/us-central1/operations/operation-1785663585232-6580d33afa4b9-20728202-3c5a3fef","metadata":{"@type":"type.googleapis.com/google.cloud.functions.v2.OperationMetadata","createTime":"2026-08-02T09:39:46.056892455Z","target":"projects/spend-flow-82e37/locations/us-central1/functions/verifyOtpRegister","verb":"update","cancelRequested":false,"apiVersion":"v2","requestResource":{"@type":"type.googleapis.com/google.cloud.functions.v2.Function","name":"projects/spend-flow-82e37/locations/us-central1/functions/verifyOtpRegister","buildConfig":{"runtime":"nodejs22","entryPoint":"verifyOtpRegister","source":{"storageSource":{"bucket":"gcf-v2-sources-586343572662-us-central1","object":"verifyOtpRegister/function-source.zip","generation":"1785663586000975"}},"environmentVariables":{"GOOGLE_NODE_RUN_SCRIPTS":""},"dockerRepository":"projects/spend-flow-82e37/locations/us-central1/repositories/gcf-artifacts","sourceProvenance":{"resolvedStorageSource":{"bucket":"gcf-v2-sources-586343572662-us-central1","object":"verifyOtpRegister/function-source.zip","generation":"1785663205842036"}},"dockerRegistry":"ARTIFACT_REGISTRY","serviceAccount":"projects/spend-flow-82e37/serviceAccounts/586343572662-compute@developer.gserviceaccount.com","automaticUpdatePolicy":{}},"serviceConfig":{"service":"projects/spend-flow-82e37/locations/us-central1/services/verifyotpregister","timeoutSeconds":60,"environmentVariables":{"GEMINI_API_KEY":"AQ.Ab8RN6LizdBNtWT_93ybUvgSWRmdk4cnusZEvPk9MQhF3Syh1g","RESEND_API_KEY":"re_aaz4iWg3_NKVBkCT3yuSuxpgdfNWqKxEK","FIREBASE_CONFIG":"{\"projectId\":\"spend-flow-82e37\",\"storageBucket\":\"spend-flow-82e37.firebasestorage.app\"}","GCLOUD_PROJECT":"spend-flow-82e37","EVENTARC_CLOUD_EVENT_SOURCE":"projects/spend-flow-82e37/locations/us-central1/services/verifyOtpRegister","FUNCTION_REGION":"us-central1","FUNCTION_TARGET":"verifyOtpRegister","LOG_EXECUTION_ID":"true"},"ingressSettings":"ALLOW_ALL","uri":"https://verifyotpregister-dhf3dbyzbq-uc.a.run.app","serviceAccountEmail":"586343572662-compute@developer.gserviceaccount.com","availableMemory":"256Mi","allTrafficOnLatestRevision":true,"revision":"verifyotpregister-00013-neb","maxInstanceRequestConcurrency":80,"availableCpu":"1"},"state":"ACTIVE","labels":{"deployment-tool":"cli-firebase","deployment-callable":"true","firebase-functions-hash":"a5f4158111f4c640f801e73a4a8e66996b11ce9a"},"environment":"GEN_2","url":"https://us-central1-spend-flow-82e37.cloudfunctions.net/verifyOtpRegister","satisfiesPzi":true},"stages":[{"name":"BUILD","message":"Build in progress","state":"IN_PROGRESS","resource":"projects/586343572662/locations/us-central1/builds/cd7f08c0-abf5-48d4-8bc3-e122ab5bbce0","resourceUri":"https://console.cloud.google.com/cloud-build/builds;region=us-central1/cd7f08c0-abf5-48d4-8bc3-e122ab5bbce0?project=586343572662"},{"name":"SERVICE","state":"NOT_STARTED"}],"operationType":"UPDATE_FUNCTION","buildName":"projects/586343572662/locations/us-central1/builds/cd7f08c0-abf5-48d4-8bc3-e122ab5bbce0"},"done":false}
[debug] [2026-08-02T09:40:07.633Z] <<< [apiv2][status] GET https://cloudfunctions.googleapis.com/v2/projects/spend-flow-82e37/locations/us-central1/operations/operation-1785663592961-6580d34259725-5fb20faa-8254b1a4 200
[debug] [2026-08-02T09:40:07.633Z] <<< [apiv2][body] GET https://cloudfunctions.googleapis.com/v2/projects/spend-flow-82e37/locations/us-central1/operations/operation-1785663592961-6580d34259725-5fb20faa-8254b1a4 {"name":"projects/spend-flow-82e37/locations/us-central1/operations/operation-1785663592961-6580d34259725-5fb20faa-8254b1a4","metadata":{"@type":"type.googleapis.com/google.cloud.functions.v2.OperationMetadata","createTime":"2026-08-02T09:39:53.736121101Z","target":"projects/spend-flow-82e37/locations/us-central1/functions/resetPassword","verb":"update","cancelRequested":false,"apiVersion":"v2","requestResource":{"@type":"type.googleapis.com/google.cloud.functions.v2.Function","name":"projects/spend-flow-82e37/locations/us-central1/functions/resetPassword","buildConfig":{"runtime":"nodejs22","entryPoint":"resetPassword","source":{"storageSource":{"bucket":"gcf-v2-sources-586343572662-us-central1","object":"resetPassword/function-source.zip","generation":"1785663593689079"}},"environmentVariables":{"GOOGLE_NODE_RUN_SCRIPTS":""},"dockerRepository":"projects/spend-flow-82e37/locations/us-central1/repositories/gcf-artifacts","sourceProvenance":{"resolvedStorageSource":{"bucket":"gcf-v2-sources-586343572662-us-central1","object":"resetPassword/function-source.zip","generation":"1785663214749727"}},"dockerRegistry":"ARTIFACT_REGISTRY","serviceAccount":"projects/spend-flow-82e37/serviceAccounts/586343572662-compute@developer.gserviceaccount.com","automaticUpdatePolicy":{}},"serviceConfig":{"service":"projects/spend-flow-82e37/locations/us-central1/services/resetpassword","timeoutSeconds":60,"environmentVariables":{"GEMINI_API_KEY":"AQ.Ab8RN6LizdBNtWT_93ybUvgSWRmdk4cnusZEvPk9MQhF3Syh1g","RESEND_API_KEY":"re_aaz4iWg3_NKVBkCT3yuSuxpgdfNWqKxEK","FIREBASE_CONFIG":"{\"projectId\":\"spend-flow-82e37\",\"storageBucket\":\"spend-flow-82e37.firebasestorage.app\"}","GCLOUD_PROJECT":"spend-flow-82e37","EVENTARC_CLOUD_EVENT_SOURCE":"projects/spend-flow-82e37/locations/us-central1/services/resetPassword","FUNCTION_REGION":"us-central1","FUNCTION_TARGET":"resetPassword","LOG_EXECUTION_ID":"true"},"ingressSettings":"ALLOW_ALL","uri":"https://resetpassword-dhf3dbyzbq-uc.a.run.app","serviceAccountEmail":"586343572662-compute@developer.gserviceaccount.com","availableMemory":"256Mi","allTrafficOnLatestRevision":true,"revision":"resetpassword-00022-nuf","maxInstanceRequestConcurrency":80,"availableCpu":"1"},"state":"ACTIVE","labels":{"deployment-tool":"cli-firebase","deployment-callable":"true","firebase-functions-hash":"a5f4158111f4c640f801e73a4a8e66996b11ce9a"},"environment":"GEN_2","url":"https://us-central1-spend-flow-82e37.cloudfunctions.net/resetPassword","satisfiesPzi":true},"stages":[{"name":"BUILD","message":"Build in progress","state":"IN_PROGRESS","resource":"projects/586343572662/locations/us-central1/builds/ecc95180-0185-4228-be1f-d783871a784d","resourceUri":"https://console.cloud.google.com/cloud-build/builds;region=us-central1/ecc95180-0185-4228-be1f-d783871a784d?project=586343572662"},{"name":"SERVICE","state":"NOT_STARTED"}],"operationType":"UPDATE_FUNCTION","buildName":"projects/586343572662/locations/us-central1/builds/ecc95180-0185-4228-be1f-d783871a784d"},"done":false}
[debug] [2026-08-02T09:40:08.701Z] <<< [apiv2][status] GET https://cloudfunctions.googleapis.com/v2/projects/spend-flow-82e37/locations/us-central1/operations/operation-1785663589193-6580d33ec1909-0c5eb6bf-f7dc4d10 200
[debug] [2026-08-02T09:40:08.701Z] <<< [apiv2][body] GET https://cloudfunctions.googleapis.com/v2/projects/spend-flow-82e37/locations/us-central1/operations/operation-1785663589193-6580d33ec1909-0c5eb6bf-f7dc4d10 {"name":"projects/spend-flow-82e37/locations/us-central1/operations/operation-1785663589193-6580d33ec1909-0c5eb6bf-f7dc4d10","metadata":{"@type":"type.googleapis.com/google.cloud.functions.v2.OperationMetadata","createTime":"2026-08-02T09:39:50.003996624Z","target":"projects/spend-flow-82e37/locations/us-central1/functions/loginUser","verb":"update","cancelRequested":false,"apiVersion":"v2","requestResource":{"@type":"type.googleapis.com/google.cloud.functions.v2.Function","name":"projects/spend-flow-82e37/locations/us-central1/functions/loginUser","buildConfig":{"runtime":"nodejs22","entryPoint":"loginUser","source":{"storageSource":{"bucket":"gcf-v2-sources-586343572662-us-central1","object":"loginUser/function-source.zip","generation":"1785663589951130"}},"environmentVariables":{"GOOGLE_NODE_RUN_SCRIPTS":""},"dockerRepository":"projects/spend-flow-82e37/locations/us-central1/repositories/gcf-artifacts","sourceProvenance":{"resolvedStorageSource":{"bucket":"gcf-v2-sources-586343572662-us-central1","object":"loginUser/function-source.zip","generation":"1785663210364852"}},"dockerRegistry":"ARTIFACT_REGISTRY","serviceAccount":"projects/spend-flow-82e37/serviceAccounts/586343572662-compute@developer.gserviceaccount.com","automaticUpdatePolicy":{}},"serviceConfig":{"service":"projects/spend-flow-82e37/locations/us-central1/services/loginuser","timeoutSeconds":60,"environmentVariables":{"GEMINI_API_KEY":"AQ.Ab8RN6LizdBNtWT_93ybUvgSWRmdk4cnusZEvPk9MQhF3Syh1g","RESEND_API_KEY":"re_aaz4iWg3_NKVBkCT3yuSuxpgdfNWqKxEK","FIREBASE_CONFIG":"{\"projectId\":\"spend-flow-82e37\",\"storageBucket\":\"spend-flow-82e37.firebasestorage.app\"}","GCLOUD_PROJECT":"spend-flow-82e37","EVENTARC_CLOUD_EVENT_SOURCE":"projects/spend-flow-82e37/locations/us-central1/services/loginUser","FUNCTION_REGION":"us-central1","FUNCTION_TARGET":"loginUser","LOG_EXECUTION_ID":"true"},"ingressSettings":"ALLOW_ALL","uri":"https://loginuser-dhf3dbyzbq-uc.a.run.app","serviceAccountEmail":"spend-flow-82e37@appspot.gserviceaccount.com","availableMemory":"256Mi","allTrafficOnLatestRevision":true,"revision":"loginuser-00027-huf","maxInstanceRequestConcurrency":80,"availableCpu":"1"},"state":"ACTIVE","labels":{"deployment-tool":"cli-firebase","deployment-callable":"true","firebase-functions-hash":"a5f4158111f4c640f801e73a4a8e66996b11ce9a"},"environment":"GEN_2","url":"https://us-central1-spend-flow-82e37.cloudfunctions.net/loginUser","satisfiesPzi":true},"stages":[{"name":"BUILD","message":"Build in progress","state":"IN_PROGRESS","resource":"projects/586343572662/locations/us-central1/builds/f2bf506f-2e5a-4218-9ed8-4714e9c9a5f1","resourceUri":"https://console.cloud.google.com/cloud-build/builds;region=us-central1/f2bf506f-2e5a-4218-9ed8-4714e9c9a5f1?project=586343572662"},{"name":"SERVICE","state":"NOT_STARTED"}],"operationType":"UPDATE_FUNCTION","buildName":"projects/586343572662/locations/us-central1/builds/f2bf506f-2e5a-4218-9ed8-4714e9c9a5f1"},"done":false}
[debug] [2026-08-02T09:40:15.520Z] [update-default-us-central1-verifyOtpRegister] Retrying task index 0
[debug] [2026-08-02T09:40:15.521Z] Checked if tokens are valid: true, expires at: 1785666689351
[debug] [2026-08-02T09:40:15.521Z] Checked if tokens are valid: true, expires at: 1785666689351
[debug] [2026-08-02T09:40:15.521Z] >>> [apiv2][query] GET https://cloudfunctions.googleapis.com/v2/projects/spend-flow-82e37/locations/us-central1/operations/operation-1785663585232-6580d33afa4b9-20728202-3c5a3fef [none]
[debug] [2026-08-02T09:40:15.635Z] [update-default-us-central1-resetPassword] Retrying task index 0
[debug] [2026-08-02T09:40:15.636Z] Checked if tokens are valid: true, expires at: 1785666689351
[debug] [2026-08-02T09:40:15.637Z] Checked if tokens are valid: true, expires at: 1785666689351
[debug] [2026-08-02T09:40:15.637Z] >>> [apiv2][query] GET https://cloudfunctions.googleapis.com/v2/projects/spend-flow-82e37/locations/us-central1/operations/operation-1785663592961-6580d34259725-5fb20faa-8254b1a4 [none]
[debug] [2026-08-02T09:40:16.702Z] [update-default-us-central1-loginUser] Retrying task index 0
[debug] [2026-08-02T09:40:16.704Z] Checked if tokens are valid: true, expires at: 1785666689351
[debug] [2026-08-02T09:40:16.704Z] Checked if tokens are valid: true, expires at: 1785666689351
[debug] [2026-08-02T09:40:16.704Z] >>> [apiv2][query] GET https://cloudfunctions.googleapis.com/v2/projects/spend-flow-82e37/locations/us-central1/operations/operation-1785663589193-6580d33ec1909-0c5eb6bf-f7dc4d10 [none]
[debug] [2026-08-02T09:40:17.248Z] <<< [apiv2][status] GET https://cloudfunctions.googleapis.com/v2/projects/spend-flow-82e37/locations/us-central1/operations/operation-1785663592961-6580d34259725-5fb20faa-8254b1a4 200
[debug] [2026-08-02T09:40:17.248Z] <<< [apiv2][body] GET https://cloudfunctions.googleapis.com/v2/projects/spend-flow-82e37/locations/us-central1/operations/operation-1785663592961-6580d34259725-5fb20faa-8254b1a4 {"name":"projects/spend-flow-82e37/locations/us-central1/operations/operation-1785663592961-6580d34259725-5fb20faa-8254b1a4","metadata":{"@type":"type.googleapis.com/google.cloud.functions.v2.OperationMetadata","createTime":"2026-08-02T09:39:53.736121101Z","target":"projects/spend-flow-82e37/locations/us-central1/functions/resetPassword","verb":"update","cancelRequested":false,"apiVersion":"v2","requestResource":{"@type":"type.googleapis.com/google.cloud.functions.v2.Function","name":"projects/spend-flow-82e37/locations/us-central1/functions/resetPassword","buildConfig":{"runtime":"nodejs22","entryPoint":"resetPassword","source":{"storageSource":{"bucket":"gcf-v2-sources-586343572662-us-central1","object":"resetPassword/function-source.zip","generation":"1785663593689079"}},"environmentVariables":{"GOOGLE_NODE_RUN_SCRIPTS":""},"dockerRepository":"projects/spend-flow-82e37/locations/us-central1/repositories/gcf-artifacts","sourceProvenance":{"resolvedStorageSource":{"bucket":"gcf-v2-sources-586343572662-us-central1","object":"resetPassword/function-source.zip","generation":"1785663214749727"}},"dockerRegistry":"ARTIFACT_REGISTRY","serviceAccount":"projects/spend-flow-82e37/serviceAccounts/586343572662-compute@developer.gserviceaccount.com","automaticUpdatePolicy":{}},"serviceConfig":{"service":"projects/spend-flow-82e37/locations/us-central1/services/resetpassword","timeoutSeconds":60,"environmentVariables":{"GEMINI_API_KEY":"AQ.Ab8RN6LizdBNtWT_93ybUvgSWRmdk4cnusZEvPk9MQhF3Syh1g","RESEND_API_KEY":"re_aaz4iWg3_NKVBkCT3yuSuxpgdfNWqKxEK","FIREBASE_CONFIG":"{\"projectId\":\"spend-flow-82e37\",\"storageBucket\":\"spend-flow-82e37.firebasestorage.app\"}","GCLOUD_PROJECT":"spend-flow-82e37","EVENTARC_CLOUD_EVENT_SOURCE":"projects/spend-flow-82e37/locations/us-central1/services/resetPassword","FUNCTION_REGION":"us-central1","FUNCTION_TARGET":"resetPassword","LOG_EXECUTION_ID":"true"},"ingressSettings":"ALLOW_ALL","uri":"https://resetpassword-dhf3dbyzbq-uc.a.run.app","serviceAccountEmail":"586343572662-compute@developer.gserviceaccount.com","availableMemory":"256Mi","allTrafficOnLatestRevision":true,"revision":"resetpassword-00022-nuf","maxInstanceRequestConcurrency":80,"availableCpu":"1"},"state":"ACTIVE","labels":{"deployment-tool":"cli-firebase","deployment-callable":"true","firebase-functions-hash":"a5f4158111f4c640f801e73a4a8e66996b11ce9a"},"environment":"GEN_2","url":"https://us-central1-spend-flow-82e37.cloudfunctions.net/resetPassword","satisfiesPzi":true},"stages":[{"name":"BUILD","message":"Build in progress","state":"IN_PROGRESS","resource":"projects/586343572662/locations/us-central1/builds/ecc95180-0185-4228-be1f-d783871a784d","resourceUri":"https://console.cloud.google.com/cloud-build/builds;region=us-central1/ecc95180-0185-4228-be1f-d783871a784d?project=586343572662"},{"name":"SERVICE","state":"NOT_STARTED"}],"operationType":"UPDATE_FUNCTION","buildName":"projects/586343572662/locations/us-central1/builds/ecc95180-0185-4228-be1f-d783871a784d"},"done":false}
[debug] [2026-08-02T09:40:18.065Z] <<< [apiv2][status] GET https://cloudfunctions.googleapis.com/v2/projects/spend-flow-82e37/locations/us-central1/operations/operation-1785663589193-6580d33ec1909-0c5eb6bf-f7dc4d10 200
[debug] [2026-08-02T09:40:18.065Z] <<< [apiv2][body] GET https://cloudfunctions.googleapis.com/v2/projects/spend-flow-82e37/locations/us-central1/operations/operation-1785663589193-6580d33ec1909-0c5eb6bf-f7dc4d10 {"name":"projects/spend-flow-82e37/locations/us-central1/operations/operation-1785663589193-6580d33ec1909-0c5eb6bf-f7dc4d10","metadata":{"@type":"type.googleapis.com/google.cloud.functions.v2.OperationMetadata","createTime":"2026-08-02T09:39:50.003996624Z","target":"projects/spend-flow-82e37/locations/us-central1/functions/loginUser","verb":"update","cancelRequested":false,"apiVersion":"v2","requestResource":{"@type":"type.googleapis.com/google.cloud.functions.v2.Function","name":"projects/spend-flow-82e37/locations/us-central1/functions/loginUser","buildConfig":{"runtime":"nodejs22","entryPoint":"loginUser","source":{"storageSource":{"bucket":"gcf-v2-sources-586343572662-us-central1","object":"loginUser/function-source.zip","generation":"1785663589951130"}},"environmentVariables":{"GOOGLE_NODE_RUN_SCRIPTS":""},"dockerRepository":"projects/spend-flow-82e37/locations/us-central1/repositories/gcf-artifacts","sourceProvenance":{"resolvedStorageSource":{"bucket":"gcf-v2-sources-586343572662-us-central1","object":"loginUser/function-source.zip","generation":"1785663210364852"}},"dockerRegistry":"ARTIFACT_REGISTRY","serviceAccount":"projects/spend-flow-82e37/serviceAccounts/586343572662-compute@developer.gserviceaccount.com","automaticUpdatePolicy":{}},"serviceConfig":{"service":"projects/spend-flow-82e37/locations/us-central1/services/loginuser","timeoutSeconds":60,"environmentVariables":{"GEMINI_API_KEY":"AQ.Ab8RN6LizdBNtWT_93ybUvgSWRmdk4cnusZEvPk9MQhF3Syh1g","RESEND_API_KEY":"re_aaz4iWg3_NKVBkCT3yuSuxpgdfNWqKxEK","FIREBASE_CONFIG":"{\"projectId\":\"spend-flow-82e37\",\"storageBucket\":\"spend-flow-82e37.firebasestorage.app\"}","GCLOUD_PROJECT":"spend-flow-82e37","EVENTARC_CLOUD_EVENT_SOURCE":"projects/spend-flow-82e37/locations/us-central1/services/loginUser","FUNCTION_REGION":"us-central1","FUNCTION_TARGET":"loginUser","LOG_EXECUTION_ID":"true"},"ingressSettings":"ALLOW_ALL","uri":"https://loginuser-dhf3dbyzbq-uc.a.run.app","serviceAccountEmail":"spend-flow-82e37@appspot.gserviceaccount.com","availableMemory":"256Mi","allTrafficOnLatestRevision":true,"revision":"loginuser-00027-huf","maxInstanceRequestConcurrency":80,"availableCpu":"1"},"state":"ACTIVE","labels":{"deployment-tool":"cli-firebase","deployment-callable":"true","firebase-functions-hash":"a5f4158111f4c640f801e73a4a8e66996b11ce9a"},"environment":"GEN_2","url":"https://us-central1-spend-flow-82e37.cloudfunctions.net/loginUser","satisfiesPzi":true},"stages":[{"name":"BUILD","message":"Build in progress","state":"IN_PROGRESS","resource":"projects/586343572662/locations/us-central1/builds/f2bf506f-2e5a-4218-9ed8-4714e9c9a5f1","resourceUri":"https://console.cloud.google.com/cloud-build/builds;region=us-central1/f2bf506f-2e5a-4218-9ed8-4714e9c9a5f1?project=586343572662"},{"name":"SERVICE","state":"NOT_STARTED"}],"operationType":"UPDATE_FUNCTION","buildName":"projects/586343572662/locations/us-central1/builds/f2bf506f-2e5a-4218-9ed8-4714e9c9a5f1"},"done":false}
[debug] [2026-08-02T09:40:22.552Z] <<< [apiv2][status] GET https://cloudfunctions.googleapis.com/v2/projects/spend-flow-82e37/locations/us-central1/operations/operation-1785663585232-6580d33afa4b9-20728202-3c5a3fef 200
[debug] [2026-08-02T09:40:22.552Z] <<< [apiv2][body] GET https://cloudfunctions.googleapis.com/v2/projects/spend-flow-82e37/locations/us-central1/operations/operation-1785663585232-6580d33afa4b9-20728202-3c5a3fef {"name":"projects/spend-flow-82e37/locations/us-central1/operations/operation-1785663585232-6580d33afa4b9-20728202-3c5a3fef","metadata":{"@type":"type.googleapis.com/google.cloud.functions.v2.OperationMetadata","createTime":"2026-08-02T09:39:46.056892455Z","target":"projects/spend-flow-82e37/locations/us-central1/functions/verifyOtpRegister","verb":"update","cancelRequested":false,"apiVersion":"v2","requestResource":{"@type":"type.googleapis.com/google.cloud.functions.v2.Function","name":"projects/spend-flow-82e37/locations/us-central1/functions/verifyOtpRegister","buildConfig":{"runtime":"nodejs22","entryPoint":"verifyOtpRegister","source":{"storageSource":{"bucket":"gcf-v2-sources-586343572662-us-central1","object":"verifyOtpRegister/function-source.zip","generation":"1785663586000975"}},"environmentVariables":{"GOOGLE_NODE_RUN_SCRIPTS":""},"dockerRepository":"projects/spend-flow-82e37/locations/us-central1/repositories/gcf-artifacts","sourceProvenance":{"resolvedStorageSource":{"bucket":"gcf-v2-sources-586343572662-us-central1","object":"verifyOtpRegister/function-source.zip","generation":"1785663205842036"}},"dockerRegistry":"ARTIFACT_REGISTRY","serviceAccount":"projects/spend-flow-82e37/serviceAccounts/586343572662-compute@developer.gserviceaccount.com","automaticUpdatePolicy":{}},"serviceConfig":{"service":"projects/spend-flow-82e37/locations/us-central1/services/verifyotpregister","timeoutSeconds":60,"environmentVariables":{"GEMINI_API_KEY":"AQ.Ab8RN6LizdBNtWT_93ybUvgSWRmdk4cnusZEvPk9MQhF3Syh1g","RESEND_API_KEY":"re_aaz4iWg3_NKVBkCT3yuSuxpgdfNWqKxEK","FIREBASE_CONFIG":"{\"projectId\":\"spend-flow-82e37\",\"storageBucket\":\"spend-flow-82e37.firebasestorage.app\"}","GCLOUD_PROJECT":"spend-flow-82e37","EVENTARC_CLOUD_EVENT_SOURCE":"projects/spend-flow-82e37/locations/us-central1/services/verifyOtpRegister","FUNCTION_REGION":"us-central1","FUNCTION_TARGET":"verifyOtpRegister","LOG_EXECUTION_ID":"true"},"ingressSettings":"ALLOW_ALL","uri":"https://verifyotpregister-dhf3dbyzbq-uc.a.run.app","serviceAccountEmail":"586343572662-compute@developer.gserviceaccount.com","availableMemory":"256Mi","allTrafficOnLatestRevision":true,"revision":"verifyotpregister-00013-neb","maxInstanceRequestConcurrency":80,"availableCpu":"1"},"state":"ACTIVE","labels":{"deployment-tool":"cli-firebase","deployment-callable":"true","firebase-functions-hash":"a5f4158111f4c640f801e73a4a8e66996b11ce9a"},"environment":"GEN_2","url":"https://us-central1-spend-flow-82e37.cloudfunctions.net/verifyOtpRegister","satisfiesPzi":true},"stages":[{"name":"BUILD","message":"Build in progress","state":"IN_PROGRESS","resource":"projects/586343572662/locations/us-central1/builds/cd7f08c0-abf5-48d4-8bc3-e122ab5bbce0","resourceUri":"https://console.cloud.google.com/cloud-build/builds;region=us-central1/cd7f08c0-abf5-48d4-8bc3-e122ab5bbce0?project=586343572662"},{"name":"SERVICE","state":"NOT_STARTED"}],"operationType":"UPDATE_FUNCTION","buildName":"projects/586343572662/locations/us-central1/builds/cd7f08c0-abf5-48d4-8bc3-e122ab5bbce0"},"done":false}
[debug] [2026-08-02T09:40:27.249Z] [update-default-us-central1-resetPassword] Retrying task index 0
[debug] [2026-08-02T09:40:27.250Z] Checked if tokens are valid: true, expires at: 1785666689351
[debug] [2026-08-02T09:40:27.250Z] Checked if tokens are valid: true, expires at: 1785666689351
[debug] [2026-08-02T09:40:27.250Z] >>> [apiv2][query] GET https://cloudfunctions.googleapis.com/v2/projects/spend-flow-82e37/locations/us-central1/operations/operation-1785663592961-6580d34259725-5fb20faa-8254b1a4 [none]
[debug] [2026-08-02T09:40:28.067Z] [update-default-us-central1-loginUser] Retrying task index 0
[debug] [2026-08-02T09:40:28.068Z] Checked if tokens are valid: true, expires at: 1785666689351
[debug] [2026-08-02T09:40:28.068Z] Checked if tokens are valid: true, expires at: 1785666689351
[debug] [2026-08-02T09:40:28.068Z] >>> [apiv2][query] GET https://cloudfunctions.googleapis.com/v2/projects/spend-flow-82e37/locations/us-central1/operations/operation-1785663589193-6580d33ec1909-0c5eb6bf-f7dc4d10 [none]
[debug] [2026-08-02T09:40:29.325Z] <<< [apiv2][status] GET https://cloudfunctions.googleapis.com/v2/projects/spend-flow-82e37/locations/us-central1/operations/operation-1785663592961-6580d34259725-5fb20faa-8254b1a4 200
[debug] [2026-08-02T09:40:29.325Z] <<< [apiv2][body] GET https://cloudfunctions.googleapis.com/v2/projects/spend-flow-82e37/locations/us-central1/operations/operation-1785663592961-6580d34259725-5fb20faa-8254b1a4 {"name":"projects/spend-flow-82e37/locations/us-central1/operations/operation-1785663592961-6580d34259725-5fb20faa-8254b1a4","metadata":{"@type":"type.googleapis.com/google.cloud.functions.v2.OperationMetadata","createTime":"2026-08-02T09:39:53.736121101Z","target":"projects/spend-flow-82e37/locations/us-central1/functions/resetPassword","verb":"update","cancelRequested":false,"apiVersion":"v2","requestResource":{"@type":"type.googleapis.com/google.cloud.functions.v2.Function","name":"projects/spend-flow-82e37/locations/us-central1/functions/resetPassword","buildConfig":{"runtime":"nodejs22","entryPoint":"resetPassword","source":{"storageSource":{"bucket":"gcf-v2-sources-586343572662-us-central1","object":"resetPassword/function-source.zip","generation":"1785663593689079"}},"environmentVariables":{"GOOGLE_NODE_RUN_SCRIPTS":""},"dockerRepository":"projects/spend-flow-82e37/locations/us-central1/repositories/gcf-artifacts","sourceProvenance":{"resolvedStorageSource":{"bucket":"gcf-v2-sources-586343572662-us-central1","object":"resetPassword/function-source.zip","generation":"1785663214749727"}},"dockerRegistry":"ARTIFACT_REGISTRY","serviceAccount":"projects/spend-flow-82e37/serviceAccounts/586343572662-compute@developer.gserviceaccount.com","automaticUpdatePolicy":{}},"serviceConfig":{"service":"projects/spend-flow-82e37/locations/us-central1/services/resetpassword","timeoutSeconds":60,"environmentVariables":{"GEMINI_API_KEY":"AQ.Ab8RN6LizdBNtWT_93ybUvgSWRmdk4cnusZEvPk9MQhF3Syh1g","RESEND_API_KEY":"re_aaz4iWg3_NKVBkCT3yuSuxpgdfNWqKxEK","FIREBASE_CONFIG":"{\"projectId\":\"spend-flow-82e37\",\"storageBucket\":\"spend-flow-82e37.firebasestorage.app\"}","GCLOUD_PROJECT":"spend-flow-82e37","EVENTARC_CLOUD_EVENT_SOURCE":"projects/spend-flow-82e37/locations/us-central1/services/resetPassword","FUNCTION_REGION":"us-central1","FUNCTION_TARGET":"resetPassword","LOG_EXECUTION_ID":"true"},"ingressSettings":"ALLOW_ALL","uri":"https://resetpassword-dhf3dbyzbq-uc.a.run.app","serviceAccountEmail":"586343572662-compute@developer.gserviceaccount.com","availableMemory":"256Mi","allTrafficOnLatestRevision":true,"revision":"resetpassword-00022-nuf","maxInstanceRequestConcurrency":80,"availableCpu":"1"},"state":"ACTIVE","labels":{"deployment-tool":"cli-firebase","deployment-callable":"true","firebase-functions-hash":"a5f4158111f4c640f801e73a4a8e66996b11ce9a"},"environment":"GEN_2","url":"https://us-central1-spend-flow-82e37.cloudfunctions.net/resetPassword","satisfiesPzi":true},"stages":[{"name":"BUILD","message":"Build in progress","state":"IN_PROGRESS","resource":"projects/586343572662/locations/us-central1/builds/ecc95180-0185-4228-be1f-d783871a784d","resourceUri":"https://console.cloud.google.com/cloud-build/builds;region=us-central1/ecc95180-0185-4228-be1f-d783871a784d?project=586343572662"},{"name":"SERVICE","state":"NOT_STARTED"}],"operationType":"UPDATE_FUNCTION","buildName":"projects/586343572662/locations/us-central1/builds/ecc95180-0185-4228-be1f-d783871a784d"},"done":false}
[debug] [2026-08-02T09:40:29.351Z] <<< [apiv2][status] GET https://cloudfunctions.googleapis.com/v2/projects/spend-flow-82e37/locations/us-central1/operations/operation-1785663589193-6580d33ec1909-0c5eb6bf-f7dc4d10 200
[debug] [2026-08-02T09:40:29.351Z] <<< [apiv2][body] GET https://cloudfunctions.googleapis.com/v2/projects/spend-flow-82e37/locations/us-central1/operations/operation-1785663589193-6580d33ec1909-0c5eb6bf-f7dc4d10 {"name":"projects/spend-flow-82e37/locations/us-central1/operations/operation-1785663589193-6580d33ec1909-0c5eb6bf-f7dc4d10","metadata":{"@type":"type.googleapis.com/google.cloud.functions.v2.OperationMetadata","createTime":"2026-08-02T09:39:50.003996624Z","target":"projects/spend-flow-82e37/locations/us-central1/functions/loginUser","verb":"update","cancelRequested":false,"apiVersion":"v2","requestResource":{"@type":"type.googleapis.com/google.cloud.functions.v2.Function","name":"projects/spend-flow-82e37/locations/us-central1/functions/loginUser","buildConfig":{"runtime":"nodejs22","entryPoint":"loginUser","source":{"storageSource":{"bucket":"gcf-v2-sources-586343572662-us-central1","object":"loginUser/function-source.zip","generation":"1785663589951130"}},"environmentVariables":{"GOOGLE_NODE_RUN_SCRIPTS":""},"dockerRepository":"projects/spend-flow-82e37/locations/us-central1/repositories/gcf-artifacts","sourceProvenance":{"resolvedStorageSource":{"bucket":"gcf-v2-sources-586343572662-us-central1","object":"loginUser/function-source.zip","generation":"1785663210364852"}},"dockerRegistry":"ARTIFACT_REGISTRY","serviceAccount":"projects/spend-flow-82e37/serviceAccounts/586343572662-compute@developer.gserviceaccount.com","automaticUpdatePolicy":{}},"serviceConfig":{"service":"projects/spend-flow-82e37/locations/us-central1/services/loginuser","timeoutSeconds":60,"environmentVariables":{"GEMINI_API_KEY":"AQ.Ab8RN6LizdBNtWT_93ybUvgSWRmdk4cnusZEvPk9MQhF3Syh1g","RESEND_API_KEY":"re_aaz4iWg3_NKVBkCT3yuSuxpgdfNWqKxEK","FIREBASE_CONFIG":"{\"projectId\":\"spend-flow-82e37\",\"storageBucket\":\"spend-flow-82e37.firebasestorage.app\"}","GCLOUD_PROJECT":"spend-flow-82e37","EVENTARC_CLOUD_EVENT_SOURCE":"projects/spend-flow-82e37/locations/us-central1/services/loginUser","FUNCTION_REGION":"us-central1","FUNCTION_TARGET":"loginUser","LOG_EXECUTION_ID":"true"},"ingressSettings":"ALLOW_ALL","uri":"https://loginuser-dhf3dbyzbq-uc.a.run.app","serviceAccountEmail":"spend-flow-82e37@appspot.gserviceaccount.com","availableMemory":"256Mi","allTrafficOnLatestRevision":true,"revision":"loginuser-00027-huf","maxInstanceRequestConcurrency":80,"availableCpu":"1"},"state":"ACTIVE","labels":{"deployment-tool":"cli-firebase","deployment-callable":"true","firebase-functions-hash":"a5f4158111f4c640f801e73a4a8e66996b11ce9a"},"environment":"GEN_2","url":"https://us-central1-spend-flow-82e37.cloudfunctions.net/loginUser","satisfiesPzi":true},"stages":[{"name":"BUILD","message":"Build finished","state":"COMPLETE","resource":"projects/586343572662/locations/us-central1/builds/f2bf506f-2e5a-4218-9ed8-4714e9c9a5f1","resourceUri":"https://console.cloud.google.com/cloud-build/builds;region=us-central1/f2bf506f-2e5a-4218-9ed8-4714e9c9a5f1?project=586343572662"},{"name":"SERVICE","message":"Updating Cloud Run service","state":"IN_PROGRESS","resource":"projects/spend-flow-82e37/locations/us-central1/services/loginuser","resourceUri":"https://console.cloud.google.com/run/detail/us-central1/loginuser?project=spend-flow-82e37","stateMessages":[{"severity":"INFO","type":"CloudRunServiceNewRevisionTrafficInfo","message":"A new revision will be deployed serving with 100% traffic."}]}],"sourceToken":"Cldwcm9qZWN0cy81ODYzNDM1NzI2NjIvbG9jYXRpb25zL3VzLWNlbnRyYWwxL2J1aWxkcy9mMmJmNTA2Zi0yZTVhLTQyMTgtOWVkOC00NzE0ZTljOWE1ZjEScHVzLWNlbnRyYWwxLWRvY2tlci5wa2cuZGV2L3NwZW5kLWZsb3ctODJlMzcvZ2NmLWFydGlmYWN0cy9zcGVuZC0tZmxvdy0tODJlMzdfX3VzLS1jZW50cmFsMV9fbG9naW5fdXNlcjp2ZXJzaW9uXzEYtsmzpogRIkNwcm9qZWN0cy9zcGVuZC1mbG93LTgyZTM3L2xvY2F0aW9ucy91cy1jZW50cmFsMS9mdW5jdGlvbnMvbG9naW5Vc2VyKgwIiaG80wYQ0MKvuAIyCG5vZGVqczIyOnYKI2djci5pby9nYWUtcnVudGltZXMvbm9kZWpzMjI6c3RhYmxlEk91cy1jZW50cmFsMS1kb2NrZXIucGtnLmRldi9zZXJ2ZXJsZXNzLXJ1bnRpbWVzL2dvb2dsZS0yMi1mdWxsL3J1bnRpbWVzL25vZGVqczIyQAE=","operationType":"UPDATE_FUNCTION","buildName":"projects/586343572662/locations/us-central1/builds/f2bf506f-2e5a-4218-9ed8-4714e9c9a5f1"},"done":false}
[debug] [2026-08-02T09:40:29.351Z] Got source token Cldwcm9qZWN0cy81ODYzNDM1NzI2NjIvbG9jYXRpb25zL3VzLWNlbnRyYWwxL2J1aWxkcy9mMmJmNTA2Zi0yZTVhLTQyMTgtOWVkOC00NzE0ZTljOWE1ZjEScHVzLWNlbnRyYWwxLWRvY2tlci5wa2cuZGV2L3NwZW5kLWZsb3ctODJlMzcvZ2NmLWFydGlmYWN0cy9zcGVuZC0tZmxvdy0tODJlMzdfX3VzLS1jZW50cmFsMV9fbG9naW5fdXNlcjp2ZXJzaW9uXzEYtsmzpogRIkNwcm9qZWN0cy9zcGVuZC1mbG93LTgyZTM3L2xvY2F0aW9ucy91cy1jZW50cmFsMS9mdW5jdGlvbnMvbG9naW5Vc2VyKgwIiaG80wYQ0MKvuAIyCG5vZGVqczIyOnYKI2djci5pby9nYWUtcnVudGltZXMvbm9kZWpzMjI6c3RhYmxlEk91cy1jZW50cmFsMS1kb2NrZXIucGtnLmRldi9zZXJ2ZXJsZXNzLXJ1bnRpbWVzL2dvb2dsZS0yMi1mdWxsL3J1bnRpbWVzL25vZGVqczIyQAE= for region us-central1
[debug] [2026-08-02T09:40:32.554Z] [update-default-us-central1-verifyOtpRegister] Retrying task index 0
[debug] [2026-08-02T09:40:32.555Z] Checked if tokens are valid: true, expires at: 1785666689351
[debug] [2026-08-02T09:40:32.555Z] Checked if tokens are valid: true, expires at: 1785666689351
[debug] [2026-08-02T09:40:32.555Z] >>> [apiv2][query] GET https://cloudfunctions.googleapis.com/v2/projects/spend-flow-82e37/locations/us-central1/operations/operation-1785663585232-6580d33afa4b9-20728202-3c5a3fef [none]
[debug] [2026-08-02T09:40:33.846Z] <<< [apiv2][status] GET https://cloudfunctions.googleapis.com/v2/projects/spend-flow-82e37/locations/us-central1/operations/operation-1785663585232-6580d33afa4b9-20728202-3c5a3fef 200
[debug] [2026-08-02T09:40:33.846Z] <<< [apiv2][body] GET https://cloudfunctions.googleapis.com/v2/projects/spend-flow-82e37/locations/us-central1/operations/operation-1785663585232-6580d33afa4b9-20728202-3c5a3fef {"name":"projects/spend-flow-82e37/locations/us-central1/operations/operation-1785663585232-6580d33afa4b9-20728202-3c5a3fef","metadata":{"@type":"type.googleapis.com/google.cloud.functions.v2.OperationMetadata","createTime":"2026-08-02T09:39:46.056892455Z","target":"projects/spend-flow-82e37/locations/us-central1/functions/verifyOtpRegister","verb":"update","cancelRequested":false,"apiVersion":"v2","requestResource":{"@type":"type.googleapis.com/google.cloud.functions.v2.Function","name":"projects/spend-flow-82e37/locations/us-central1/functions/verifyOtpRegister","buildConfig":{"runtime":"nodejs22","entryPoint":"verifyOtpRegister","source":{"storageSource":{"bucket":"gcf-v2-sources-586343572662-us-central1","object":"verifyOtpRegister/function-source.zip","generation":"1785663586000975"}},"environmentVariables":{"GOOGLE_NODE_RUN_SCRIPTS":""},"dockerRepository":"projects/spend-flow-82e37/locations/us-central1/repositories/gcf-artifacts","sourceProvenance":{"resolvedStorageSource":{"bucket":"gcf-v2-sources-586343572662-us-central1","object":"verifyOtpRegister/function-source.zip","generation":"1785663205842036"}},"dockerRegistry":"ARTIFACT_REGISTRY","serviceAccount":"projects/spend-flow-82e37/serviceAccounts/586343572662-compute@developer.gserviceaccount.com","automaticUpdatePolicy":{}},"serviceConfig":{"service":"projects/spend-flow-82e37/locations/us-central1/services/verifyotpregister","timeoutSeconds":60,"environmentVariables":{"GEMINI_API_KEY":"AQ.Ab8RN6LizdBNtWT_93ybUvgSWRmdk4cnusZEvPk9MQhF3Syh1g","RESEND_API_KEY":"re_aaz4iWg3_NKVBkCT3yuSuxpgdfNWqKxEK","FIREBASE_CONFIG":"{\"projectId\":\"spend-flow-82e37\",\"storageBucket\":\"spend-flow-82e37.firebasestorage.app\"}","GCLOUD_PROJECT":"spend-flow-82e37","EVENTARC_CLOUD_EVENT_SOURCE":"projects/spend-flow-82e37/locations/us-central1/services/verifyOtpRegister","FUNCTION_REGION":"us-central1","FUNCTION_TARGET":"verifyOtpRegister","LOG_EXECUTION_ID":"true"},"ingressSettings":"ALLOW_ALL","uri":"https://verifyotpregister-dhf3dbyzbq-uc.a.run.app","serviceAccountEmail":"586343572662-compute@developer.gserviceaccount.com","availableMemory":"256Mi","allTrafficOnLatestRevision":true,"revision":"verifyotpregister-00013-neb","maxInstanceRequestConcurrency":80,"availableCpu":"1"},"state":"ACTIVE","labels":{"deployment-tool":"cli-firebase","deployment-callable":"true","firebase-functions-hash":"a5f4158111f4c640f801e73a4a8e66996b11ce9a"},"environment":"GEN_2","url":"https://us-central1-spend-flow-82e37.cloudfunctions.net/verifyOtpRegister","satisfiesPzi":true},"stages":[{"name":"BUILD","message":"Build finished","state":"COMPLETE","resource":"projects/586343572662/locations/us-central1/builds/cd7f08c0-abf5-48d4-8bc3-e122ab5bbce0","resourceUri":"https://console.cloud.google.com/cloud-build/builds;region=us-central1/cd7f08c0-abf5-48d4-8bc3-e122ab5bbce0?project=586343572662"},{"name":"SERVICE","message":"Updating Cloud Run service","state":"IN_PROGRESS","resource":"projects/spend-flow-82e37/locations/us-central1/services/verifyotpregister","resourceUri":"https://console.cloud.google.com/run/detail/us-central1/verifyotpregister?project=spend-flow-82e37","stateMessages":[{"severity":"INFO","type":"CloudRunServiceNewRevisionTrafficInfo","message":"A new revision will be deployed serving with 100% traffic."}]}],"sourceToken":"Cldwcm9qZWN0cy81ODYzNDM1NzI2NjIvbG9jYXRpb25zL3VzLWNlbnRyYWwxL2J1aWxkcy9jZDdmMDhjMC1hYmY1LTQ4ZDQtOGJjMy1lMTIyYWI1YmJjZTASeXVzLWNlbnRyYWwxLWRvY2tlci5wa2cuZGV2L3NwZW5kLWZsb3ctODJlMzcvZ2NmLWFydGlmYWN0cy9zcGVuZC0tZmxvdy0tODJlMzdfX3VzLS1jZW50cmFsMV9fdmVyaWZ5X290cF9yZWdpc3Rlcjp2ZXJzaW9uXzEYtsmzpogRIktwcm9qZWN0cy9zcGVuZC1mbG93LTgyZTM3L2xvY2F0aW9ucy91cy1jZW50cmFsMS9mdW5jdGlvbnMvdmVyaWZ5T3RwUmVnaXN0ZXIqDAiLobzTBhDQsqCgAzIIbm9kZWpzMjI6dgojZ2NyLmlvL2dhZS1ydW50aW1lcy9ub2RlanMyMjpzdGFibGUST3VzLWNlbnRyYWwxLWRvY2tlci5wa2cuZGV2L3NlcnZlcmxlc3MtcnVudGltZXMvZ29vZ2xlLTIyLWZ1bGwvcnVudGltZXMvbm9kZWpzMjJAAQ==","operationType":"UPDATE_FUNCTION","buildName":"projects/586343572662/locations/us-central1/builds/cd7f08c0-abf5-48d4-8bc3-e122ab5bbce0"},"done":false}
[debug] [2026-08-02T09:40:33.846Z] Got source token Cldwcm9qZWN0cy81ODYzNDM1NzI2NjIvbG9jYXRpb25zL3VzLWNlbnRyYWwxL2J1aWxkcy9jZDdmMDhjMC1hYmY1LTQ4ZDQtOGJjMy1lMTIyYWI1YmJjZTASeXVzLWNlbnRyYWwxLWRvY2tlci5wa2cuZGV2L3NwZW5kLWZsb3ctODJlMzcvZ2NmLWFydGlmYWN0cy9zcGVuZC0tZmxvdy0tODJlMzdfX3VzLS1jZW50cmFsMV9fdmVyaWZ5X290cF9yZWdpc3Rlcjp2ZXJzaW9uXzEYtsmzpogRIktwcm9qZWN0cy9zcGVuZC1mbG93LTgyZTM3L2xvY2F0aW9ucy91cy1jZW50cmFsMS9mdW5jdGlvbnMvdmVyaWZ5T3RwUmVnaXN0ZXIqDAiLobzTBhDQsqCgAzIIbm9kZWpzMjI6dgojZ2NyLmlvL2dhZS1ydW50aW1lcy9ub2RlanMyMjpzdGFibGUST3VzLWNlbnRyYWwxLWRvY2tlci5wa2cuZGV2L3NlcnZlcmxlc3MtcnVudGltZXMvZ29vZ2xlLTIyLWZ1bGwvcnVudGltZXMvbm9kZWpzMjJAAQ== for region us-central1
[debug] [2026-08-02T09:40:39.326Z] [update-default-us-central1-resetPassword] Retrying task index 0
[debug] [2026-08-02T09:40:39.327Z] Checked if tokens are valid: true, expires at: 1785666689351
[debug] [2026-08-02T09:40:39.327Z] Checked if tokens are valid: true, expires at: 1785666689351
[debug] [2026-08-02T09:40:39.327Z] >>> [apiv2][query] GET https://cloudfunctions.googleapis.com/v2/projects/spend-flow-82e37/locations/us-central1/operations/operation-1785663592961-6580d34259725-5fb20faa-8254b1a4 [none]
[debug] [2026-08-02T09:40:39.351Z] [update-default-us-central1-loginUser] Retrying task index 0
[debug] [2026-08-02T09:40:39.352Z] Checked if tokens are valid: true, expires at: 1785666689351
[debug] [2026-08-02T09:40:39.352Z] Checked if tokens are valid: true, expires at: 1785666689351
[debug] [2026-08-02T09:40:39.352Z] >>> [apiv2][query] GET https://cloudfunctions.googleapis.com/v2/projects/spend-flow-82e37/locations/us-central1/operations/operation-1785663589193-6580d33ec1909-0c5eb6bf-f7dc4d10 [none]
[debug] [2026-08-02T09:40:40.717Z] <<< [apiv2][status] GET https://cloudfunctions.googleapis.com/v2/projects/spend-flow-82e37/locations/us-central1/operations/operation-1785663589193-6580d33ec1909-0c5eb6bf-f7dc4d10 200
[debug] [2026-08-02T09:40:40.717Z] <<< [apiv2][body] GET https://cloudfunctions.googleapis.com/v2/projects/spend-flow-82e37/locations/us-central1/operations/operation-1785663589193-6580d33ec1909-0c5eb6bf-f7dc4d10 {"name":"projects/spend-flow-82e37/locations/us-central1/operations/operation-1785663589193-6580d33ec1909-0c5eb6bf-f7dc4d10","metadata":{"@type":"type.googleapis.com/google.cloud.functions.v2.OperationMetadata","createTime":"2026-08-02T09:39:50.003996624Z","endTime":"2026-08-02T09:40:34.925591100Z","target":"projects/spend-flow-82e37/locations/us-central1/functions/loginUser","verb":"update","cancelRequested":false,"apiVersion":"v2","requestResource":{"@type":"type.googleapis.com/google.cloud.functions.v2.Function","name":"projects/spend-flow-82e37/locations/us-central1/functions/loginUser","buildConfig":{"runtime":"nodejs22","entryPoint":"loginUser","source":{"storageSource":{"bucket":"gcf-v2-sources-586343572662-us-central1","object":"loginUser/function-source.zip","generation":"1785663589951130"}},"environmentVariables":{"GOOGLE_NODE_RUN_SCRIPTS":""},"dockerRepository":"projects/spend-flow-82e37/locations/us-central1/repositories/gcf-artifacts","sourceProvenance":{"resolvedStorageSource":{"bucket":"gcf-v2-sources-586343572662-us-central1","object":"loginUser/function-source.zip","generation":"1785663210364852"}},"dockerRegistry":"ARTIFACT_REGISTRY","serviceAccount":"projects/spend-flow-82e37/serviceAccounts/586343572662-compute@developer.gserviceaccount.com","automaticUpdatePolicy":{}},"serviceConfig":{"service":"projects/spend-flow-82e37/locations/us-central1/services/loginuser","timeoutSeconds":60,"environmentVariables":{"GEMINI_API_KEY":"AQ.Ab8RN6LizdBNtWT_93ybUvgSWRmdk4cnusZEvPk9MQhF3Syh1g","RESEND_API_KEY":"re_aaz4iWg3_NKVBkCT3yuSuxpgdfNWqKxEK","FIREBASE_CONFIG":"{\"projectId\":\"spend-flow-82e37\",\"storageBucket\":\"spend-flow-82e37.firebasestorage.app\"}","GCLOUD_PROJECT":"spend-flow-82e37","EVENTARC_CLOUD_EVENT_SOURCE":"projects/spend-flow-82e37/locations/us-central1/services/loginUser","FUNCTION_REGION":"us-central1","FUNCTION_TARGET":"loginUser","LOG_EXECUTION_ID":"true"},"ingressSettings":"ALLOW_ALL","uri":"https://loginuser-dhf3dbyzbq-uc.a.run.app","serviceAccountEmail":"spend-flow-82e37@appspot.gserviceaccount.com","availableMemory":"256Mi","allTrafficOnLatestRevision":true,"revision":"loginuser-00027-huf","maxInstanceRequestConcurrency":80,"availableCpu":"1"},"state":"ACTIVE","labels":{"deployment-tool":"cli-firebase","deployment-callable":"true","firebase-functions-hash":"a5f4158111f4c640f801e73a4a8e66996b11ce9a"},"environment":"GEN_2","url":"https://us-central1-spend-flow-82e37.cloudfunctions.net/loginUser","satisfiesPzi":true},"stages":[{"name":"BUILD","message":"Build finished","state":"COMPLETE","resource":"projects/586343572662/locations/us-central1/builds/f2bf506f-2e5a-4218-9ed8-4714e9c9a5f1","resourceUri":"https://console.cloud.google.com/cloud-build/builds;region=us-central1/f2bf506f-2e5a-4218-9ed8-4714e9c9a5f1?project=586343572662"},{"name":"SERVICE","message":"Updating Cloud Run service","state":"COMPLETE","resource":"projects/spend-flow-82e37/locations/us-central1/services/loginuser","resourceUri":"https://console.cloud.google.com/run/detail/us-central1/loginuser?project=spend-flow-82e37","stateMessages":[{"severity":"INFO","type":"CloudRunServiceNewRevisionTrafficInfo","message":"A new revision will be deployed serving with 100% traffic."}]}],"sourceToken":"Cldwcm9qZWN0cy81ODYzNDM1NzI2NjIvbG9jYXRpb25zL3VzLWNlbnRyYWwxL2J1aWxkcy9mMmJmNTA2Zi0yZTVhLTQyMTgtOWVkOC00NzE0ZTljOWE1ZjEScHVzLWNlbnRyYWwxLWRvY2tlci5wa2cuZGV2L3NwZW5kLWZsb3ctODJlMzcvZ2NmLWFydGlmYWN0cy9zcGVuZC0tZmxvdy0tODJlMzdfX3VzLS1jZW50cmFsMV9fbG9naW5fdXNlcjp2ZXJzaW9uXzEYtsmzpogRIkNwcm9qZWN0cy9zcGVuZC1mbG93LTgyZTM3L2xvY2F0aW9ucy91cy1jZW50cmFsMS9mdW5jdGlvbnMvbG9naW5Vc2VyKgwIiaG80wYQ0MKvuAIyCG5vZGVqczIyOnYKI2djci5pby9nYWUtcnVudGltZXMvbm9kZWpzMjI6c3RhYmxlEk91cy1jZW50cmFsMS1kb2NrZXIucGtnLmRldi9zZXJ2ZXJsZXNzLXJ1bnRpbWVzL2dvb2dsZS0yMi1mdWxsL3J1bnRpbWVzL25vZGVqczIyQAE=","operationType":"UPDATE_FUNCTION","buildName":"projects/586343572662/locations/us-central1/builds/f2bf506f-2e5a-4218-9ed8-4714e9c9a5f1"},"done":true,"response":{"@type":"type.googleapis.com/google.cloud.functions.v2.Function","name":"projects/spend-flow-82e37/locations/us-central1/functions/loginUser","buildConfig":{"build":"projects/586343572662/locations/us-central1/builds/f2bf506f-2e5a-4218-9ed8-4714e9c9a5f1","runtime":"nodejs22","entryPoint":"loginUser","source":{"storageSource":{"bucket":"gcf-v2-sources-586343572662-us-central1","object":"loginUser/function-source.zip","generation":"1785663589951130"}},"environmentVariables":{"GOOGLE_NODE_RUN_SCRIPTS":""},"dockerRepository":"projects/spend-flow-82e37/locations/us-central1/repositories/gcf-artifacts","sourceProvenance":{"resolvedStorageSource":{"bucket":"gcf-v2-sources-586343572662-us-central1","object":"loginUser/function-source.zip","generation":"1785663589951130"}},"dockerRegistry":"ARTIFACT_REGISTRY","serviceAccount":"projects/spend-flow-82e37/serviceAccounts/586343572662-compute@developer.gserviceaccount.com","automaticUpdatePolicy":{}},"serviceConfig":{"service":"projects/spend-flow-82e37/locations/us-central1/services/loginuser","timeoutSeconds":60,"environmentVariables":{"GEMINI_API_KEY":"AQ.Ab8RN6LizdBNtWT_93ybUvgSWRmdk4cnusZEvPk9MQhF3Syh1g","RESEND_API_KEY":"re_aaz4iWg3_NKVBkCT3yuSuxpgdfNWqKxEK","FIREBASE_CONFIG":"{\"projectId\":\"spend-flow-82e37\",\"storageBucket\":\"spend-flow-82e37.firebasestorage.app\"}","GCLOUD_PROJECT":"spend-flow-82e37","EVENTARC_CLOUD_EVENT_SOURCE":"projects/spend-flow-82e37/locations/us-central1/services/loginUser","FUNCTION_REGION":"us-central1","FUNCTION_TARGET":"loginUser","LOG_EXECUTION_ID":"true"},"maxInstanceCount":3,"ingressSettings":"ALLOW_ALL","uri":"https://loginuser-dhf3dbyzbq-uc.a.run.app","serviceAccountEmail":"spend-flow-82e37@appspot.gserviceaccount.com","availableMemory":"256Mi","allTrafficOnLatestRevision":true,"revision":"loginuser-00028-tag","maxInstanceRequestConcurrency":80,"availableCpu":"1"},"state":"ACTIVE","updateTime":"2026-08-02T09:39:50.006712258Z","labels":{"deployment-callable":"true","firebase-functions-hash":"a5f4158111f4c640f801e73a4a8e66996b11ce9a","deployment-tool":"cli-firebase"},"environment":"GEN_2","url":"https://us-central1-spend-flow-82e37.cloudfunctions.net/loginUser","createTime":"2026-01-27T07:28:46.757794193Z","satisfiesPzi":true}}
[debug] [2026-08-02T09:40:40.717Z] Got source token Cldwcm9qZWN0cy81ODYzNDM1NzI2NjIvbG9jYXRpb25zL3VzLWNlbnRyYWwxL2J1aWxkcy9mMmJmNTA2Zi0yZTVhLTQyMTgtOWVkOC00NzE0ZTljOWE1ZjEScHVzLWNlbnRyYWwxLWRvY2tlci5wa2cuZGV2L3NwZW5kLWZsb3ctODJlMzcvZ2NmLWFydGlmYWN0cy9zcGVuZC0tZmxvdy0tODJlMzdfX3VzLS1jZW50cmFsMV9fbG9naW5fdXNlcjp2ZXJzaW9uXzEYtsmzpogRIkNwcm9qZWN0cy9zcGVuZC1mbG93LTgyZTM3L2xvY2F0aW9ucy91cy1jZW50cmFsMS9mdW5jdGlvbnMvbG9naW5Vc2VyKgwIiaG80wYQ0MKvuAIyCG5vZGVqczIyOnYKI2djci5pby9nYWUtcnVudGltZXMvbm9kZWpzMjI6c3RhYmxlEk91cy1jZW50cmFsMS1kb2NrZXIucGtnLmRldi9zZXJ2ZXJsZXNzLXJ1bnRpbWVzL2dvb2dsZS0yMi1mdWxsL3J1bnRpbWVzL25vZGVqczIyQAE= for region us-central1
[info] ✔  functions[loginUser(us-central1)] Successful update operation. 
[debug] [2026-08-02T09:40:40.852Z] <<< [apiv2][status] GET https://cloudfunctions.googleapis.com/v2/projects/spend-flow-82e37/locations/us-central1/operations/operation-1785663592961-6580d34259725-5fb20faa-8254b1a4 200
[debug] [2026-08-02T09:40:40.852Z] <<< [apiv2][body] GET https://cloudfunctions.googleapis.com/v2/projects/spend-flow-82e37/locations/us-central1/operations/operation-1785663592961-6580d34259725-5fb20faa-8254b1a4 {"name":"projects/spend-flow-82e37/locations/us-central1/operations/operation-1785663592961-6580d34259725-5fb20faa-8254b1a4","metadata":{"@type":"type.googleapis.com/google.cloud.functions.v2.OperationMetadata","createTime":"2026-08-02T09:39:53.736121101Z","target":"projects/spend-flow-82e37/locations/us-central1/functions/resetPassword","verb":"update","cancelRequested":false,"apiVersion":"v2","requestResource":{"@type":"type.googleapis.com/google.cloud.functions.v2.Function","name":"projects/spend-flow-82e37/locations/us-central1/functions/resetPassword","buildConfig":{"runtime":"nodejs22","entryPoint":"resetPassword","source":{"storageSource":{"bucket":"gcf-v2-sources-586343572662-us-central1","object":"resetPassword/function-source.zip","generation":"1785663593689079"}},"environmentVariables":{"GOOGLE_NODE_RUN_SCRIPTS":""},"dockerRepository":"projects/spend-flow-82e37/locations/us-central1/repositories/gcf-artifacts","sourceProvenance":{"resolvedStorageSource":{"bucket":"gcf-v2-sources-586343572662-us-central1","object":"resetPassword/function-source.zip","generation":"1785663214749727"}},"dockerRegistry":"ARTIFACT_REGISTRY","serviceAccount":"projects/spend-flow-82e37/serviceAccounts/586343572662-compute@developer.gserviceaccount.com","automaticUpdatePolicy":{}},"serviceConfig":{"service":"projects/spend-flow-82e37/locations/us-central1/services/resetpassword","timeoutSeconds":60,"environmentVariables":{"GEMINI_API_KEY":"AQ.Ab8RN6LizdBNtWT_93ybUvgSWRmdk4cnusZEvPk9MQhF3Syh1g","RESEND_API_KEY":"re_aaz4iWg3_NKVBkCT3yuSuxpgdfNWqKxEK","FIREBASE_CONFIG":"{\"projectId\":\"spend-flow-82e37\",\"storageBucket\":\"spend-flow-82e37.firebasestorage.app\"}","GCLOUD_PROJECT":"spend-flow-82e37","EVENTARC_CLOUD_EVENT_SOURCE":"projects/spend-flow-82e37/locations/us-central1/services/resetPassword","FUNCTION_REGION":"us-central1","FUNCTION_TARGET":"resetPassword","LOG_EXECUTION_ID":"true"},"ingressSettings":"ALLOW_ALL","uri":"https://resetpassword-dhf3dbyzbq-uc.a.run.app","serviceAccountEmail":"586343572662-compute@developer.gserviceaccount.com","availableMemory":"256Mi","allTrafficOnLatestRevision":true,"revision":"resetpassword-00022-nuf","maxInstanceRequestConcurrency":80,"availableCpu":"1"},"state":"ACTIVE","labels":{"deployment-tool":"cli-firebase","deployment-callable":"true","firebase-functions-hash":"a5f4158111f4c640f801e73a4a8e66996b11ce9a"},"environment":"GEN_2","url":"https://us-central1-spend-flow-82e37.cloudfunctions.net/resetPassword","satisfiesPzi":true},"stages":[{"name":"BUILD","message":"Build finished","state":"COMPLETE","resource":"projects/586343572662/locations/us-central1/builds/ecc95180-0185-4228-be1f-d783871a784d","resourceUri":"https://console.cloud.google.com/cloud-build/builds;region=us-central1/ecc95180-0185-4228-be1f-d783871a784d?project=586343572662"},{"name":"SERVICE","message":"Updating Cloud Run service","state":"IN_PROGRESS","resource":"projects/spend-flow-82e37/locations/us-central1/services/resetpassword","resourceUri":"https://console.cloud.google.com/run/detail/us-central1/resetpassword?project=spend-flow-82e37","stateMessages":[{"severity":"INFO","type":"CloudRunServiceNewRevisionTrafficInfo","message":"A new revision will be deployed serving with 100% traffic."}]}],"sourceToken":"Cldwcm9qZWN0cy81ODYzNDM1NzI2NjIvbG9jYXRpb25zL3VzLWNlbnRyYWwxL2J1aWxkcy9lY2M5NTE4MC0wMTg1LTQyMjgtYmUxZi1kNzgzODcxYTc4NGQSdHVzLWNlbnRyYWwxLWRvY2tlci5wa2cuZGV2L3NwZW5kLWZsb3ctODJlMzcvZ2NmLWFydGlmYWN0cy9zcGVuZC0tZmxvdy0tODJlMzdfX3VzLS1jZW50cmFsMV9fcmVzZXRfcGFzc3dvcmQ6dmVyc2lvbl8xGLbJs6aIESJHcHJvamVjdHMvc3BlbmQtZmxvdy04MmUzNy9sb2NhdGlvbnMvdXMtY2VudHJhbDEvZnVuY3Rpb25zL3Jlc2V0UGFzc3dvcmQqCwiUobzTBhD4lPJ6Mghub2RlanMyMjp2CiNnY3IuaW8vZ2FlLXJ1bnRpbWVzL25vZGVqczIyOnN0YWJsZRJPdXMtY2VudHJhbDEtZG9ja2VyLnBrZy5kZXYvc2VydmVybGVzcy1ydW50aW1lcy9nb29nbGUtMjItZnVsbC9ydW50aW1lcy9ub2RlanMyMkAB","operationType":"UPDATE_FUNCTION","buildName":"projects/586343572662/locations/us-central1/builds/ecc95180-0185-4228-be1f-d783871a784d"},"done":false}
[debug] [2026-08-02T09:40:40.852Z] Got source token Cldwcm9qZWN0cy81ODYzNDM1NzI2NjIvbG9jYXRpb25zL3VzLWNlbnRyYWwxL2J1aWxkcy9lY2M5NTE4MC0wMTg1LTQyMjgtYmUxZi1kNzgzODcxYTc4NGQSdHVzLWNlbnRyYWwxLWRvY2tlci5wa2cuZGV2L3NwZW5kLWZsb3ctODJlMzcvZ2NmLWFydGlmYWN0cy9zcGVuZC0tZmxvdy0tODJlMzdfX3VzLS1jZW50cmFsMV9fcmVzZXRfcGFzc3dvcmQ6dmVyc2lvbl8xGLbJs6aIESJHcHJvamVjdHMvc3BlbmQtZmxvdy04MmUzNy9sb2NhdGlvbnMvdXMtY2VudHJhbDEvZnVuY3Rpb25zL3Jlc2V0UGFzc3dvcmQqCwiUobzTBhD4lPJ6Mghub2RlanMyMjp2CiNnY3IuaW8vZ2FlLXJ1bnRpbWVzL25vZGVqczIyOnN0YWJsZRJPdXMtY2VudHJhbDEtZG9ja2VyLnBrZy5kZXYvc2VydmVybGVzcy1ydW50aW1lcy9nb29nbGUtMjItZnVsbC9ydW50aW1lcy9ub2RlanMyMkAB for region us-central1
[debug] [2026-08-02T09:40:43.848Z] [update-default-us-central1-verifyOtpRegister] Retrying task index 0
[debug] [2026-08-02T09:40:43.849Z] Checked if tokens are valid: true, expires at: 1785666689351
[debug] [2026-08-02T09:40:43.849Z] Checked if tokens are valid: true, expires at: 1785666689351
[debug] [2026-08-02T09:40:43.849Z] >>> [apiv2][query] GET https://cloudfunctions.googleapis.com/v2/projects/spend-flow-82e37/locations/us-central1/operations/operation-1785663585232-6580d33afa4b9-20728202-3c5a3fef [none]
[debug] [2026-08-02T09:40:45.142Z] <<< [apiv2][status] GET https://cloudfunctions.googleapis.com/v2/projects/spend-flow-82e37/locations/us-central1/operations/operation-1785663585232-6580d33afa4b9-20728202-3c5a3fef 200
[debug] [2026-08-02T09:40:45.143Z] <<< [apiv2][body] GET https://cloudfunctions.googleapis.com/v2/projects/spend-flow-82e37/locations/us-central1/operations/operation-1785663585232-6580d33afa4b9-20728202-3c5a3fef {"name":"projects/spend-flow-82e37/locations/us-central1/operations/operation-1785663585232-6580d33afa4b9-20728202-3c5a3fef","metadata":{"@type":"type.googleapis.com/google.cloud.functions.v2.OperationMetadata","createTime":"2026-08-02T09:39:46.056892455Z","endTime":"2026-08-02T09:40:36.513453397Z","target":"projects/spend-flow-82e37/locations/us-central1/functions/verifyOtpRegister","verb":"update","cancelRequested":false,"apiVersion":"v2","requestResource":{"@type":"type.googleapis.com/google.cloud.functions.v2.Function","name":"projects/spend-flow-82e37/locations/us-central1/functions/verifyOtpRegister","buildConfig":{"runtime":"nodejs22","entryPoint":"verifyOtpRegister","source":{"storageSource":{"bucket":"gcf-v2-sources-586343572662-us-central1","object":"verifyOtpRegister/function-source.zip","generation":"1785663586000975"}},"environmentVariables":{"GOOGLE_NODE_RUN_SCRIPTS":""},"dockerRepository":"projects/spend-flow-82e37/locations/us-central1/repositories/gcf-artifacts","sourceProvenance":{"resolvedStorageSource":{"bucket":"gcf-v2-sources-586343572662-us-central1","object":"verifyOtpRegister/function-source.zip","generation":"1785663205842036"}},"dockerRegistry":"ARTIFACT_REGISTRY","serviceAccount":"projects/spend-flow-82e37/serviceAccounts/586343572662-compute@developer.gserviceaccount.com","automaticUpdatePolicy":{}},"serviceConfig":{"service":"projects/spend-flow-82e37/locations/us-central1/services/verifyotpregister","timeoutSeconds":60,"environmentVariables":{"GEMINI_API_KEY":"AQ.Ab8RN6LizdBNtWT_93ybUvgSWRmdk4cnusZEvPk9MQhF3Syh1g","RESEND_API_KEY":"re_aaz4iWg3_NKVBkCT3yuSuxpgdfNWqKxEK","FIREBASE_CONFIG":"{\"projectId\":\"spend-flow-82e37\",\"storageBucket\":\"spend-flow-82e37.firebasestorage.app\"}","GCLOUD_PROJECT":"spend-flow-82e37","EVENTARC_CLOUD_EVENT_SOURCE":"projects/spend-flow-82e37/locations/us-central1/services/verifyOtpRegister","FUNCTION_REGION":"us-central1","FUNCTION_TARGET":"verifyOtpRegister","LOG_EXECUTION_ID":"true"},"ingressSettings":"ALLOW_ALL","uri":"https://verifyotpregister-dhf3dbyzbq-uc.a.run.app","serviceAccountEmail":"586343572662-compute@developer.gserviceaccount.com","availableMemory":"256Mi","allTrafficOnLatestRevision":true,"revision":"verifyotpregister-00013-neb","maxInstanceRequestConcurrency":80,"availableCpu":"1"},"state":"ACTIVE","labels":{"deployment-tool":"cli-firebase","deployment-callable":"true","firebase-functions-hash":"a5f4158111f4c640f801e73a4a8e66996b11ce9a"},"environment":"GEN_2","url":"https://us-central1-spend-flow-82e37.cloudfunctions.net/verifyOtpRegister","satisfiesPzi":true},"stages":[{"name":"BUILD","message":"Build finished","state":"COMPLETE","resource":"projects/586343572662/locations/us-central1/builds/cd7f08c0-abf5-48d4-8bc3-e122ab5bbce0","resourceUri":"https://console.cloud.google.com/cloud-build/builds;region=us-central1/cd7f08c0-abf5-48d4-8bc3-e122ab5bbce0?project=586343572662"},{"name":"SERVICE","message":"Updating Cloud Run service","state":"COMPLETE","resource":"projects/spend-flow-82e37/locations/us-central1/services/verifyotpregister","resourceUri":"https://console.cloud.google.com/run/detail/us-central1/verifyotpregister?project=spend-flow-82e37","stateMessages":[{"severity":"INFO","type":"CloudRunServiceNewRevisionTrafficInfo","message":"A new revision will be deployed serving with 100% traffic."}]}],"sourceToken":"Cldwcm9qZWN0cy81ODYzNDM1NzI2NjIvbG9jYXRpb25zL3VzLWNlbnRyYWwxL2J1aWxkcy9jZDdmMDhjMC1hYmY1LTQ4ZDQtOGJjMy1lMTIyYWI1YmJjZTASeXVzLWNlbnRyYWwxLWRvY2tlci5wa2cuZGV2L3NwZW5kLWZsb3ctODJlMzcvZ2NmLWFydGlmYWN0cy9zcGVuZC0tZmxvdy0tODJlMzdfX3VzLS1jZW50cmFsMV9fdmVyaWZ5X290cF9yZWdpc3Rlcjp2ZXJzaW9uXzEYtsmzpogRIktwcm9qZWN0cy9zcGVuZC1mbG93LTgyZTM3L2xvY2F0aW9ucy91cy1jZW50cmFsMS9mdW5jdGlvbnMvdmVyaWZ5T3RwUmVnaXN0ZXIqDAiLobzTBhDQsqCgAzIIbm9kZWpzMjI6dgojZ2NyLmlvL2dhZS1ydW50aW1lcy9ub2RlanMyMjpzdGFibGUST3VzLWNlbnRyYWwxLWRvY2tlci5wa2cuZGV2L3NlcnZlcmxlc3MtcnVudGltZXMvZ29vZ2xlLTIyLWZ1bGwvcnVudGltZXMvbm9kZWpzMjJAAQ==","operationType":"UPDATE_FUNCTION","buildName":"projects/586343572662/locations/us-central1/builds/cd7f08c0-abf5-48d4-8bc3-e122ab5bbce0"},"done":true,"response":{"@type":"type.googleapis.com/google.cloud.functions.v2.Function","name":"projects/spend-flow-82e37/locations/us-central1/functions/verifyOtpRegister","buildConfig":{"build":"projects/586343572662/locations/us-central1/builds/cd7f08c0-abf5-48d4-8bc3-e122ab5bbce0","runtime":"nodejs22","entryPoint":"verifyOtpRegister","source":{"storageSource":{"bucket":"gcf-v2-sources-586343572662-us-central1","object":"verifyOtpRegister/function-source.zip","generation":"1785663586000975"}},"environmentVariables":{"GOOGLE_NODE_RUN_SCRIPTS":""},"dockerRepository":"projects/spend-flow-82e37/locations/us-central1/repositories/gcf-artifacts","sourceProvenance":{"resolvedStorageSource":{"bucket":"gcf-v2-sources-586343572662-us-central1","object":"verifyOtpRegister/function-source.zip","generation":"1785663586000975"}},"dockerRegistry":"ARTIFACT_REGISTRY","serviceAccount":"projects/spend-flow-82e37/serviceAccounts/586343572662-compute@developer.gserviceaccount.com","automaticUpdatePolicy":{}},"serviceConfig":{"service":"projects/spend-flow-82e37/locations/us-central1/services/verifyotpregister","timeoutSeconds":60,"environmentVariables":{"GEMINI_API_KEY":"AQ.Ab8RN6LizdBNtWT_93ybUvgSWRmdk4cnusZEvPk9MQhF3Syh1g","RESEND_API_KEY":"re_aaz4iWg3_NKVBkCT3yuSuxpgdfNWqKxEK","FIREBASE_CONFIG":"{\"projectId\":\"spend-flow-82e37\",\"storageBucket\":\"spend-flow-82e37.firebasestorage.app\"}","GCLOUD_PROJECT":"spend-flow-82e37","EVENTARC_CLOUD_EVENT_SOURCE":"projects/spend-flow-82e37/locations/us-central1/services/verifyOtpRegister","FUNCTION_REGION":"us-central1","FUNCTION_TARGET":"verifyOtpRegister","LOG_EXECUTION_ID":"true"},"maxInstanceCount":3,"ingressSettings":"ALLOW_ALL","uri":"https://verifyotpregister-dhf3dbyzbq-uc.a.run.app","serviceAccountEmail":"586343572662-compute@developer.gserviceaccount.com","availableMemory":"256Mi","allTrafficOnLatestRevision":true,"revision":"verifyotpregister-00014-ney","maxInstanceRequestConcurrency":80,"availableCpu":"1"},"state":"ACTIVE","updateTime":"2026-08-02T09:39:46.059175012Z","labels":{"deployment-tool":"cli-firebase","deployment-callable":"true","firebase-functions-hash":"a5f4158111f4c640f801e73a4a8e66996b11ce9a"},"environment":"GEN_2","url":"https://us-central1-spend-flow-82e37.cloudfunctions.net/verifyOtpRegister","createTime":"2026-01-29T08:00:28.034761258Z","satisfiesPzi":true}}
[debug] [2026-08-02T09:40:45.143Z] Got source token Cldwcm9qZWN0cy81ODYzNDM1NzI2NjIvbG9jYXRpb25zL3VzLWNlbnRyYWwxL2J1aWxkcy9jZDdmMDhjMC1hYmY1LTQ4ZDQtOGJjMy1lMTIyYWI1YmJjZTASeXVzLWNlbnRyYWwxLWRvY2tlci5wa2cuZGV2L3NwZW5kLWZsb3ctODJlMzcvZ2NmLWFydGlmYWN0cy9zcGVuZC0tZmxvdy0tODJlMzdfX3VzLS1jZW50cmFsMV9fdmVyaWZ5X290cF9yZWdpc3Rlcjp2ZXJzaW9uXzEYtsmzpogRIktwcm9qZWN0cy9zcGVuZC1mbG93LTgyZTM3L2xvY2F0aW9ucy91cy1jZW50cmFsMS9mdW5jdGlvbnMvdmVyaWZ5T3RwUmVnaXN0ZXIqDAiLobzTBhDQsqCgAzIIbm9kZWpzMjI6dgojZ2NyLmlvL2dhZS1ydW50aW1lcy9ub2RlanMyMjpzdGFibGUST3VzLWNlbnRyYWwxLWRvY2tlci5wa2cuZGV2L3NlcnZlcmxlc3MtcnVudGltZXMvZ29vZ2xlLTIyLWZ1bGwvcnVudGltZXMvbm9kZWpzMjJAAQ== for region us-central1
[info] ✔  functions[verifyOtpRegister(us-central1)] Successful update operation. 
[debug] [2026-08-02T09:40:50.854Z] [update-default-us-central1-resetPassword] Retrying task index 0
[debug] [2026-08-02T09:40:50.858Z] Checked if tokens are valid: true, expires at: 1785666689351
[debug] [2026-08-02T09:40:50.859Z] Checked if tokens are valid: true, expires at: 1785666689351
[debug] [2026-08-02T09:40:50.859Z] >>> [apiv2][query] GET https://cloudfunctions.googleapis.com/v2/projects/spend-flow-82e37/locations/us-central1/operations/operation-1785663592961-6580d34259725-5fb20faa-8254b1a4 [none]
[debug] [2026-08-02T09:40:52.288Z] <<< [apiv2][status] GET https://cloudfunctions.googleapis.com/v2/projects/spend-flow-82e37/locations/us-central1/operations/operation-1785663592961-6580d34259725-5fb20faa-8254b1a4 200
[debug] [2026-08-02T09:40:52.288Z] <<< [apiv2][body] GET https://cloudfunctions.googleapis.com/v2/projects/spend-flow-82e37/locations/us-central1/operations/operation-1785663592961-6580d34259725-5fb20faa-8254b1a4 {"name":"projects/spend-flow-82e37/locations/us-central1/operations/operation-1785663592961-6580d34259725-5fb20faa-8254b1a4","metadata":{"@type":"type.googleapis.com/google.cloud.functions.v2.OperationMetadata","createTime":"2026-08-02T09:39:53.736121101Z","endTime":"2026-08-02T09:40:45.126300303Z","target":"projects/spend-flow-82e37/locations/us-central1/functions/resetPassword","verb":"update","cancelRequested":false,"apiVersion":"v2","requestResource":{"@type":"type.googleapis.com/google.cloud.functions.v2.Function","name":"projects/spend-flow-82e37/locations/us-central1/functions/resetPassword","buildConfig":{"runtime":"nodejs22","entryPoint":"resetPassword","source":{"storageSource":{"bucket":"gcf-v2-sources-586343572662-us-central1","object":"resetPassword/function-source.zip","generation":"1785663593689079"}},"environmentVariables":{"GOOGLE_NODE_RUN_SCRIPTS":""},"dockerRepository":"projects/spend-flow-82e37/locations/us-central1/repositories/gcf-artifacts","sourceProvenance":{"resolvedStorageSource":{"bucket":"gcf-v2-sources-586343572662-us-central1","object":"resetPassword/function-source.zip","generation":"1785663214749727"}},"dockerRegistry":"ARTIFACT_REGISTRY","serviceAccount":"projects/spend-flow-82e37/serviceAccounts/586343572662-compute@developer.gserviceaccount.com","automaticUpdatePolicy":{}},"serviceConfig":{"service":"projects/spend-flow-82e37/locations/us-central1/services/resetpassword","timeoutSeconds":60,"environmentVariables":{"GEMINI_API_KEY":"AQ.Ab8RN6LizdBNtWT_93ybUvgSWRmdk4cnusZEvPk9MQhF3Syh1g","RESEND_API_KEY":"re_aaz4iWg3_NKVBkCT3yuSuxpgdfNWqKxEK","FIREBASE_CONFIG":"{\"projectId\":\"spend-flow-82e37\",\"storageBucket\":\"spend-flow-82e37.firebasestorage.app\"}","GCLOUD_PROJECT":"spend-flow-82e37","EVENTARC_CLOUD_EVENT_SOURCE":"projects/spend-flow-82e37/locations/us-central1/services/resetPassword","FUNCTION_REGION":"us-central1","FUNCTION_TARGET":"resetPassword","LOG_EXECUTION_ID":"true"},"ingressSettings":"ALLOW_ALL","uri":"https://resetpassword-dhf3dbyzbq-uc.a.run.app","serviceAccountEmail":"586343572662-compute@developer.gserviceaccount.com","availableMemory":"256Mi","allTrafficOnLatestRevision":true,"revision":"resetpassword-00022-nuf","maxInstanceRequestConcurrency":80,"availableCpu":"1"},"state":"ACTIVE","labels":{"deployment-tool":"cli-firebase","deployment-callable":"true","firebase-functions-hash":"a5f4158111f4c640f801e73a4a8e66996b11ce9a"},"environment":"GEN_2","url":"https://us-central1-spend-flow-82e37.cloudfunctions.net/resetPassword","satisfiesPzi":true},"stages":[{"name":"BUILD","message":"Build finished","state":"COMPLETE","resource":"projects/586343572662/locations/us-central1/builds/ecc95180-0185-4228-be1f-d783871a784d","resourceUri":"https://console.cloud.google.com/cloud-build/builds;region=us-central1/ecc95180-0185-4228-be1f-d783871a784d?project=586343572662"},{"name":"SERVICE","message":"Updating Cloud Run service","state":"COMPLETE","resource":"projects/spend-flow-82e37/locations/us-central1/services/resetpassword","resourceUri":"https://console.cloud.google.com/run/detail/us-central1/resetpassword?project=spend-flow-82e37","stateMessages":[{"severity":"INFO","type":"CloudRunServiceNewRevisionTrafficInfo","message":"A new revision will be deployed serving with 100% traffic."}]}],"sourceToken":"Cldwcm9qZWN0cy81ODYzNDM1NzI2NjIvbG9jYXRpb25zL3VzLWNlbnRyYWwxL2J1aWxkcy9lY2M5NTE4MC0wMTg1LTQyMjgtYmUxZi1kNzgzODcxYTc4NGQSdHVzLWNlbnRyYWwxLWRvY2tlci5wa2cuZGV2L3NwZW5kLWZsb3ctODJlMzcvZ2NmLWFydGlmYWN0cy9zcGVuZC0tZmxvdy0tODJlMzdfX3VzLS1jZW50cmFsMV9fcmVzZXRfcGFzc3dvcmQ6dmVyc2lvbl8xGLbJs6aIESJHcHJvamVjdHMvc3BlbmQtZmxvdy04MmUzNy9sb2NhdGlvbnMvdXMtY2VudHJhbDEvZnVuY3Rpb25zL3Jlc2V0UGFzc3dvcmQqCwiUobzTBhD4lPJ6Mghub2RlanMyMjp2CiNnY3IuaW8vZ2FlLXJ1bnRpbWVzL25vZGVqczIyOnN0YWJsZRJPdXMtY2VudHJhbDEtZG9ja2VyLnBrZy5kZXYvc2VydmVybGVzcy1ydW50aW1lcy9nb29nbGUtMjItZnVsbC9ydW50aW1lcy9ub2RlanMyMkAB","operationType":"UPDATE_FUNCTION","buildName":"projects/586343572662/locations/us-central1/builds/ecc95180-0185-4228-be1f-d783871a784d"},"done":true,"response":{"@type":"type.googleapis.com/google.cloud.functions.v2.Function","name":"projects/spend-flow-82e37/locations/us-central1/functions/resetPassword","buildConfig":{"build":"projects/586343572662/locations/us-central1/builds/ecc95180-0185-4228-be1f-d783871a784d","runtime":"nodejs22","entryPoint":"resetPassword","source":{"storageSource":{"bucket":"gcf-v2-sources-586343572662-us-central1","object":"resetPassword/function-source.zip","generation":"1785663593689079"}},"environmentVariables":{"GOOGLE_NODE_RUN_SCRIPTS":""},"dockerRepository":"projects/spend-flow-82e37/locations/us-central1/repositories/gcf-artifacts","sourceProvenance":{"resolvedStorageSource":{"bucket":"gcf-v2-sources-586343572662-us-central1","object":"resetPassword/function-source.zip","generation":"1785663593689079"}},"dockerRegistry":"ARTIFACT_REGISTRY","serviceAccount":"projects/spend-flow-82e37/serviceAccounts/586343572662-compute@developer.gserviceaccount.com","automaticUpdatePolicy":{}},"serviceConfig":{"service":"projects/spend-flow-82e37/locations/us-central1/services/resetpassword","timeoutSeconds":60,"environmentVariables":{"GEMINI_API_KEY":"AQ.Ab8RN6LizdBNtWT_93ybUvgSWRmdk4cnusZEvPk9MQhF3Syh1g","RESEND_API_KEY":"re_aaz4iWg3_NKVBkCT3yuSuxpgdfNWqKxEK","FIREBASE_CONFIG":"{\"projectId\":\"spend-flow-82e37\",\"storageBucket\":\"spend-flow-82e37.firebasestorage.app\"}","GCLOUD_PROJECT":"spend-flow-82e37","EVENTARC_CLOUD_EVENT_SOURCE":"projects/spend-flow-82e37/locations/us-central1/services/resetPassword","FUNCTION_REGION":"us-central1","FUNCTION_TARGET":"resetPassword","LOG_EXECUTION_ID":"true"},"maxInstanceCount":3,"ingressSettings":"ALLOW_ALL","uri":"https://resetpassword-dhf3dbyzbq-uc.a.run.app","serviceAccountEmail":"586343572662-compute@developer.gserviceaccount.com","availableMemory":"256Mi","allTrafficOnLatestRevision":true,"revision":"resetpassword-00023-zuj","maxInstanceRequestConcurrency":80,"availableCpu":"1"},"state":"ACTIVE","updateTime":"2026-08-02T09:39:53.738749540Z","labels":{"firebase-functions-hash":"a5f4158111f4c640f801e73a4a8e66996b11ce9a","deployment-tool":"cli-firebase","deployment-callable":"true"},"environment":"GEN_2","url":"https://us-central1-spend-flow-82e37.cloudfunctions.net/resetPassword","createTime":"2026-01-27T07:28:46.866318455Z","satisfiesPzi":true}}
[debug] [2026-08-02T09:40:52.288Z] Got source token Cldwcm9qZWN0cy81ODYzNDM1NzI2NjIvbG9jYXRpb25zL3VzLWNlbnRyYWwxL2J1aWxkcy9lY2M5NTE4MC0wMTg1LTQyMjgtYmUxZi1kNzgzODcxYTc4NGQSdHVzLWNlbnRyYWwxLWRvY2tlci5wa2cuZGV2L3NwZW5kLWZsb3ctODJlMzcvZ2NmLWFydGlmYWN0cy9zcGVuZC0tZmxvdy0tODJlMzdfX3VzLS1jZW50cmFsMV9fcmVzZXRfcGFzc3dvcmQ6dmVyc2lvbl8xGLbJs6aIESJHcHJvamVjdHMvc3BlbmQtZmxvdy04MmUzNy9sb2NhdGlvbnMvdXMtY2VudHJhbDEvZnVuY3Rpb25zL3Jlc2V0UGFzc3dvcmQqCwiUobzTBhD4lPJ6Mghub2RlanMyMjp2CiNnY3IuaW8vZ2FlLXJ1bnRpbWVzL25vZGVqczIyOnN0YWJsZRJPdXMtY2VudHJhbDEtZG9ja2VyLnBrZy5kZXYvc2VydmVybGVzcy1ydW50aW1lcy9nb29nbGUtMjItZnVsbC9ydW50aW1lcy9ub2RlanMyMkAB for region us-central1
[info] ✔  functions[resetPassword(us-central1)] Successful update operation. 
[warn] ⚠  functions: Deploys failed. Skipping deletes. 
[debug] [2026-08-02T09:40:52.294Z] Total Function Deployment time: 69093
[debug] [2026-08-02T09:40:52.294Z] 8 Functions Deployed
[debug] [2026-08-02T09:40:52.294Z] 5 Functions Errored
[debug] [2026-08-02T09:40:52.294Z] 0 Function Deployments Aborted
[debug] [2026-08-02T09:40:52.294Z] Average Function Deployment time: 28332.75
[info] 
[info] Functions deploy had errors with the following functions:
	analyzeReceiptImage(us-central1)
	analyzeTransactionText(us-central1)
	forgotPassword(us-central1)
	registerUser(us-central1)
	resendOtpRegister(us-central1)
[debug] [2026-08-02T09:40:52.555Z] Checked if tokens are valid: true, expires at: 1785666689351
[debug] [2026-08-02T09:40:52.555Z] Checked if tokens are valid: true, expires at: 1785666689351
[debug] [2026-08-02T09:40:52.555Z] >>> [apiv2][query] GET https://artifactregistry.googleapis.com/v1/projects/spend-flow-82e37/locations/us-central1/repositories/gcf-artifacts [none]
[debug] [2026-08-02T09:40:54.076Z] <<< [apiv2][status] GET https://artifactregistry.googleapis.com/v1/projects/spend-flow-82e37/locations/us-central1/repositories/gcf-artifacts 200
[debug] [2026-08-02T09:40:54.078Z] <<< [apiv2][body] GET https://artifactregistry.googleapis.com/v1/projects/spend-flow-82e37/locations/us-central1/repositories/gcf-artifacts {"name":"projects/spend-flow-82e37/locations/us-central1/repositories/gcf-artifacts","format":"DOCKER","description":"This repository is created and used by Cloud Functions for storing function docker images.","labels":{"goog-managed-by":"cloudfunctions"},"createTime":"2025-12-26T08:22:57.077606Z","updateTime":"2026-08-02T09:40:32.595516Z","mode":"STANDARD_REPOSITORY","cleanupPolicies":{"firebase-functions-cleanup":{"id":"firebase-functions-cleanup","action":"DELETE","condition":{"tagState":"ANY","olderThan":"2592000s"}}},"sizeBytes":"155656762","vulnerabilityScanningConfig":{"lastEnableTime":"2025-12-26T08:22:48.999254029Z","enablementState":"SCANNING_DISABLED","enablementStateReason":"API containerscanning.googleapis.com is not enabled."},"satisfiesPzi":true,"registryUri":"us-central1-docker.pkg.dev/spend-flow-82e37/gcf-artifacts"}
[debug] [2026-08-02T09:40:54.079Z] Functions deploy failed.
[debug] [2026-08-02T09:40:54.079Z] {
  "endpoint": {
    "id": "registerUser",
    "project": "spend-flow-82e37",
    "region": "us-central1",
    "entryPoint": "registerUser",
    "platform": "gcfv2",
    "runtime": "nodejs22",
    "callableTrigger": {},
    "labels": {
      "deployment-tool": "cli-firebase"
    },
    "secretEnvironmentVariables": [
      {
        "key": "RESEND_API_KEY",
        "secret": "RESEND_API_KEY",
        "projectId": "spend-flow-82e37",
        "version": "3"
      }
    ],
    "serviceAccount": null,
    "ingressSettings": null,
    "availableMemoryMb": null,
    "timeoutSeconds": null,
    "maxInstances": null,
    "minInstances": null,
    "concurrency": 80,
    "vpc": null,
    "environmentVariables": {
      "GEMINI_API_KEY": "AQ.Ab8RN6LizdBNtWT_93ybUvgSWRmdk4cnusZEvPk9MQhF3Syh1g",
      "RESEND_API_KEY": "re_aaz4iWg3_NKVBkCT3yuSuxpgdfNWqKxEK",
      "FIREBASE_CONFIG": "{\"projectId\":\"spend-flow-82e37\",\"storageBucket\":\"spend-flow-82e37.firebasestorage.app\"}",
      "GCLOUD_PROJECT": "spend-flow-82e37",
      "EVENTARC_CLOUD_EVENT_SOURCE": "projects/spend-flow-82e37/locations/us-central1/services/registerUser",
      "FUNCTION_REGION": "us-central1"
    },
    "codebase": "default",
    "runServiceId": "registeruser",
    "cpu": 1,
    "securityLevel": "SECURE_ALWAYS",
    "targetedByOnly": false,
    "hash": "bf441e4dda6dfb869f31c2709bbf36f344ae9c24"
  },
  "op": "update",
  "original": {
    "name": "FirebaseError",
    "children": [],
    "context": {
      "function": "projects/spend-flow-82e37/locations/us-central1/functions/registerUser"
    },
    "exit": 1,
    "message": "Failed to update function projects/spend-flow-82e37/locations/us-central1/functions/registerUser",
    "original": {
      "name": "FirebaseError",
      "children": [],
      "context": {
        "body": {
          "error": {
            "code": 400,
            "message": "Could not update Cloud Run service projects/spend-flow-82e37/locations/us-central1/services/registeruser. spec.template.spec.containers[0].env: Secret environment variable overlaps non secret environment variable: RESEND_API_KEY",
            "status": "INVALID_ARGUMENT"
          }
        },
        "response": {
          "statusCode": 400
        }
      },
      "exit": 1,
      "message": "Request to https://cloudfunctions.googleapis.com/v2/projects/spend-flow-82e37/locations/us-central1/functions/registerUser?updateMask=name%2CbuildConfig.runtime%2CbuildConfig.entryPoint%2CbuildConfig.source.storageSource.bucket%2CbuildConfig.source.storageSource.object%2CbuildConfig.environmentVariables%2CbuildConfig.sourceToken%2CserviceConfig.environmentVariables%2CserviceConfig.secretEnvironmentVariables%2CserviceConfig.ingressSettings%2CserviceConfig.timeoutSeconds%2CserviceConfig.serviceAccountEmail%2CserviceConfig.availableMemory%2CserviceConfig.minInstanceCount%2CserviceConfig.maxInstanceCount%2CserviceConfig.maxInstanceRequestConcurrency%2CserviceConfig.availableCpu%2CserviceConfig.vpcConnector%2CserviceConfig.vpcConnectorEgressSettings%2CserviceConfig.directVpcNetworkInterface%2CserviceConfig.directVpcEgress%2Clabels had HTTP Error: 400, Could not update Cloud Run service projects/spend-flow-82e37/locations/us-central1/services/registeruser. spec.template.spec.containers[0].env: Secret environment variable overlaps non secret environment variable: RESEND_API_KEY",
      "status": 400
    },
    "status": 400,
    "code": 400
  }
}
[debug] [2026-08-02T09:40:54.079Z] {
  "endpoint": {
    "id": "resendOtpRegister",
    "project": "spend-flow-82e37",
    "region": "us-central1",
    "entryPoint": "resendOtpRegister",
    "platform": "gcfv2",
    "runtime": "nodejs22",
    "callableTrigger": {},
    "labels": {
      "deployment-tool": "cli-firebase"
    },
    "secretEnvironmentVariables": [
      {
        "key": "RESEND_API_KEY",
        "secret": "RESEND_API_KEY",
        "projectId": "spend-flow-82e37",
        "version": "3"
      }
    ],
    "serviceAccount": null,
    "ingressSettings": null,
    "availableMemoryMb": null,
    "timeoutSeconds": null,
    "maxInstances": null,
    "minInstances": null,
    "concurrency": 80,
    "vpc": null,
    "environmentVariables": {
      "GEMINI_API_KEY": "AQ.Ab8RN6LizdBNtWT_93ybUvgSWRmdk4cnusZEvPk9MQhF3Syh1g",
      "RESEND_API_KEY": "re_aaz4iWg3_NKVBkCT3yuSuxpgdfNWqKxEK",
      "FIREBASE_CONFIG": "{\"projectId\":\"spend-flow-82e37\",\"storageBucket\":\"spend-flow-82e37.firebasestorage.app\"}",
      "GCLOUD_PROJECT": "spend-flow-82e37",
      "EVENTARC_CLOUD_EVENT_SOURCE": "projects/spend-flow-82e37/locations/us-central1/services/resendOtpRegister",
      "FUNCTION_REGION": "us-central1"
    },
    "codebase": "default",
    "runServiceId": "resendotpregister",
    "cpu": 1,
    "securityLevel": "SECURE_ALWAYS",
    "targetedByOnly": false,
    "hash": "bf441e4dda6dfb869f31c2709bbf36f344ae9c24"
  },
  "op": "update",
  "original": {
    "name": "FirebaseError",
    "children": [],
    "context": {
      "function": "projects/spend-flow-82e37/locations/us-central1/functions/resendOtpRegister"
    },
    "exit": 1,
    "message": "Failed to update function projects/spend-flow-82e37/locations/us-central1/functions/resendOtpRegister",
    "original": {
      "name": "FirebaseError",
      "children": [],
      "context": {
        "body": {
          "error": {
            "code": 400,
            "message": "Could not update Cloud Run service projects/spend-flow-82e37/locations/us-central1/services/resendotpregister. spec.template.spec.containers[0].env: Secret environment variable overlaps non secret environment variable: RESEND_API_KEY",
            "status": "INVALID_ARGUMENT"
          }
        },
        "response": {
          "statusCode": 400
        }
      },
      "exit": 1,
      "message": "Request to https://cloudfunctions.googleapis.com/v2/projects/spend-flow-82e37/locations/us-central1/functions/resendOtpRegister?updateMask=name%2CbuildConfig.runtime%2CbuildConfig.entryPoint%2CbuildConfig.source.storageSource.bucket%2CbuildConfig.source.storageSource.object%2CbuildConfig.environmentVariables%2CbuildConfig.sourceToken%2CserviceConfig.environmentVariables%2CserviceConfig.secretEnvironmentVariables%2CserviceConfig.ingressSettings%2CserviceConfig.timeoutSeconds%2CserviceConfig.serviceAccountEmail%2CserviceConfig.availableMemory%2CserviceConfig.minInstanceCount%2CserviceConfig.maxInstanceCount%2CserviceConfig.maxInstanceRequestConcurrency%2CserviceConfig.availableCpu%2CserviceConfig.vpcConnector%2CserviceConfig.vpcConnectorEgressSettings%2CserviceConfig.directVpcNetworkInterface%2CserviceConfig.directVpcEgress%2Clabels had HTTP Error: 400, Could not update Cloud Run service projects/spend-flow-82e37/locations/us-central1/services/resendotpregister. spec.template.spec.containers[0].env: Secret environment variable overlaps non secret environment variable: RESEND_API_KEY",
      "status": 400
    },
    "status": 400,
    "code": 400
  }
}
[debug] [2026-08-02T09:40:54.079Z] {
  "endpoint": {
    "id": "forgotPassword",
    "project": "spend-flow-82e37",
    "region": "us-central1",
    "entryPoint": "forgotPassword",
    "platform": "gcfv2",
    "runtime": "nodejs22",
    "callableTrigger": {},
    "labels": {
      "deployment-tool": "cli-firebase"
    },
    "secretEnvironmentVariables": [
      {
        "key": "RESEND_API_KEY",
        "secret": "RESEND_API_KEY",
        "projectId": "spend-flow-82e37",
        "version": "3"
      }
    ],
    "serviceAccount": null,
    "ingressSettings": null,
    "availableMemoryMb": null,
    "timeoutSeconds": null,
    "maxInstances": null,
    "minInstances": null,
    "concurrency": 80,
    "vpc": null,
    "environmentVariables": {
      "GEMINI_API_KEY": "AQ.Ab8RN6LizdBNtWT_93ybUvgSWRmdk4cnusZEvPk9MQhF3Syh1g",
      "RESEND_API_KEY": "re_aaz4iWg3_NKVBkCT3yuSuxpgdfNWqKxEK",
      "FIREBASE_CONFIG": "{\"projectId\":\"spend-flow-82e37\",\"storageBucket\":\"spend-flow-82e37.firebasestorage.app\"}",
      "GCLOUD_PROJECT": "spend-flow-82e37",
      "EVENTARC_CLOUD_EVENT_SOURCE": "projects/spend-flow-82e37/locations/us-central1/services/forgotPassword",
      "FUNCTION_REGION": "us-central1"
    },
    "codebase": "default",
    "runServiceId": "forgotpassword",
    "cpu": 1,
    "securityLevel": "SECURE_ALWAYS",
    "targetedByOnly": false,
    "hash": "bf441e4dda6dfb869f31c2709bbf36f344ae9c24"
  },
  "op": "update",
  "original": {
    "name": "FirebaseError",
    "children": [],
    "context": {
      "function": "projects/spend-flow-82e37/locations/us-central1/functions/forgotPassword"
    },
    "exit": 1,
    "message": "Failed to update function projects/spend-flow-82e37/locations/us-central1/functions/forgotPassword",
    "original": {
      "name": "FirebaseError",
      "children": [],
      "context": {
        "body": {
          "error": {
            "code": 400,
            "message": "Could not update Cloud Run service projects/spend-flow-82e37/locations/us-central1/services/forgotpassword. spec.template.spec.containers[0].env: Secret environment variable overlaps non secret environment variable: RESEND_API_KEY",
            "status": "INVALID_ARGUMENT"
          }
        },
        "response": {
          "statusCode": 400
        }
      },
      "exit": 1,
      "message": "Request to https://cloudfunctions.googleapis.com/v2/projects/spend-flow-82e37/locations/us-central1/functions/forgotPassword?updateMask=name%2CbuildConfig.runtime%2CbuildConfig.entryPoint%2CbuildConfig.source.storageSource.bucket%2CbuildConfig.source.storageSource.object%2CbuildConfig.environmentVariables%2CbuildConfig.sourceToken%2CserviceConfig.environmentVariables%2CserviceConfig.secretEnvironmentVariables%2CserviceConfig.ingressSettings%2CserviceConfig.timeoutSeconds%2CserviceConfig.serviceAccountEmail%2CserviceConfig.availableMemory%2CserviceConfig.minInstanceCount%2CserviceConfig.maxInstanceCount%2CserviceConfig.maxInstanceRequestConcurrency%2CserviceConfig.availableCpu%2CserviceConfig.vpcConnector%2CserviceConfig.vpcConnectorEgressSettings%2CserviceConfig.directVpcNetworkInterface%2CserviceConfig.directVpcEgress%2Clabels had HTTP Error: 400, Could not update Cloud Run service projects/spend-flow-82e37/locations/us-central1/services/forgotpassword. spec.template.spec.containers[0].env: Secret environment variable overlaps non secret environment variable: RESEND_API_KEY",
      "status": 400
    },
    "status": 400,
    "code": 400
  }
}
[debug] [2026-08-02T09:40:54.079Z] {
  "endpoint": {
    "id": "analyzeReceiptImage",
    "project": "spend-flow-82e37",
    "region": "us-central1",
    "entryPoint": "analyzeReceiptImage",
    "platform": "gcfv2",
    "runtime": "nodejs22",
    "callableTrigger": {},
    "labels": {
      "deployment-tool": "cli-firebase"
    },
    "secretEnvironmentVariables": [
      {
        "key": "GEMINI_API_KEY",
        "secret": "GEMINI_API_KEY",
        "projectId": "spend-flow-82e37",
        "version": "2"
      }
    ],
    "serviceAccount": null,
    "ingressSettings": null,
    "availableMemoryMb": null,
    "timeoutSeconds": null,
    "maxInstances": null,
    "minInstances": null,
    "concurrency": 80,
    "vpc": null,
    "environmentVariables": {
      "GEMINI_API_KEY": "AQ.Ab8RN6LizdBNtWT_93ybUvgSWRmdk4cnusZEvPk9MQhF3Syh1g",
      "RESEND_API_KEY": "re_aaz4iWg3_NKVBkCT3yuSuxpgdfNWqKxEK",
      "FIREBASE_CONFIG": "{\"projectId\":\"spend-flow-82e37\",\"storageBucket\":\"spend-flow-82e37.firebasestorage.app\"}",
      "GCLOUD_PROJECT": "spend-flow-82e37",
      "EVENTARC_CLOUD_EVENT_SOURCE": "projects/spend-flow-82e37/locations/us-central1/services/analyzeReceiptImage",
      "FUNCTION_REGION": "us-central1"
    },
    "codebase": "default",
    "runServiceId": "analyzereceiptimage",
    "cpu": 1,
    "securityLevel": "SECURE_ALWAYS",
    "targetedByOnly": false,
    "hash": "a2864c24475fdaaedeb1159ed05b81b6725ec872"
  },
  "op": "update",
  "original": {
    "name": "FirebaseError",
    "children": [],
    "context": {
      "function": "projects/spend-flow-82e37/locations/us-central1/functions/analyzeReceiptImage"
    },
    "exit": 1,
    "message": "Failed to update function projects/spend-flow-82e37/locations/us-central1/functions/analyzeReceiptImage",
    "original": {
      "name": "FirebaseError",
      "children": [],
      "context": {
        "body": {
          "error": {
            "code": 400,
            "message": "Could not update Cloud Run service projects/spend-flow-82e37/locations/us-central1/services/analyzereceiptimage. spec.template.spec.containers[0].env: Secret environment variable overlaps non secret environment variable: GEMINI_API_KEY",
            "status": "INVALID_ARGUMENT"
          }
        },
        "response": {
          "statusCode": 400
        }
      },
      "exit": 1,
      "message": "Request to https://cloudfunctions.googleapis.com/v2/projects/spend-flow-82e37/locations/us-central1/functions/analyzeReceiptImage?updateMask=name%2CbuildConfig.runtime%2CbuildConfig.entryPoint%2CbuildConfig.source.storageSource.bucket%2CbuildConfig.source.storageSource.object%2CbuildConfig.environmentVariables%2CbuildConfig.sourceToken%2CserviceConfig.environmentVariables%2CserviceConfig.secretEnvironmentVariables%2CserviceConfig.ingressSettings%2CserviceConfig.timeoutSeconds%2CserviceConfig.serviceAccountEmail%2CserviceConfig.availableMemory%2CserviceConfig.minInstanceCount%2CserviceConfig.maxInstanceCount%2CserviceConfig.maxInstanceRequestConcurrency%2CserviceConfig.availableCpu%2CserviceConfig.vpcConnector%2CserviceConfig.vpcConnectorEgressSettings%2CserviceConfig.directVpcNetworkInterface%2CserviceConfig.directVpcEgress%2Clabels had HTTP Error: 400, Could not update Cloud Run service projects/spend-flow-82e37/locations/us-central1/services/analyzereceiptimage. spec.template.spec.containers[0].env: Secret environment variable overlaps non secret environment variable: GEMINI_API_KEY",
      "status": 400
    },
    "status": 400,
    "code": 400
  }
}
[debug] [2026-08-02T09:40:54.079Z] {
  "endpoint": {
    "id": "analyzeTransactionText",
    "project": "spend-flow-82e37",
    "region": "us-central1",
    "entryPoint": "analyzeTransactionText",
    "platform": "gcfv2",
    "runtime": "nodejs22",
    "callableTrigger": {},
    "labels": {
      "deployment-tool": "cli-firebase"
    },
    "secretEnvironmentVariables": [
      {
        "key": "GEMINI_API_KEY",
        "secret": "GEMINI_API_KEY",
        "projectId": "spend-flow-82e37",
        "version": "2"
      }
    ],
    "serviceAccount": null,
    "ingressSettings": null,
    "availableMemoryMb": null,
    "timeoutSeconds": null,
    "maxInstances": null,
    "minInstances": null,
    "concurrency": 80,
    "vpc": null,
    "environmentVariables": {
      "GEMINI_API_KEY": "AQ.Ab8RN6LizdBNtWT_93ybUvgSWRmdk4cnusZEvPk9MQhF3Syh1g",
      "RESEND_API_KEY": "re_aaz4iWg3_NKVBkCT3yuSuxpgdfNWqKxEK",
      "FIREBASE_CONFIG": "{\"projectId\":\"spend-flow-82e37\",\"storageBucket\":\"spend-flow-82e37.firebasestorage.app\"}",
      "GCLOUD_PROJECT": "spend-flow-82e37",
      "EVENTARC_CLOUD_EVENT_SOURCE": "projects/spend-flow-82e37/locations/us-central1/services/analyzeTransactionText",
      "FUNCTION_REGION": "us-central1"
    },
    "codebase": "default",
    "runServiceId": "analyzetransactiontext",
    "cpu": 1,
    "securityLevel": "SECURE_ALWAYS",
    "targetedByOnly": false,
    "hash": "a2864c24475fdaaedeb1159ed05b81b6725ec872"
  },
  "op": "update",
  "original": {
    "name": "FirebaseError",
    "children": [],
    "context": {
      "function": "projects/spend-flow-82e37/locations/us-central1/functions/analyzeTransactionText"
    },
    "exit": 1,
    "message": "Failed to update function projects/spend-flow-82e37/locations/us-central1/functions/analyzeTransactionText",
    "original": {
      "name": "FirebaseError",
      "children": [],
      "context": {
        "body": {
          "error": {
            "code": 400,
            "message": "Could not update Cloud Run service projects/spend-flow-82e37/locations/us-central1/services/analyzetransactiontext. spec.template.spec.containers[0].env: Secret environment variable overlaps non secret environment variable: GEMINI_API_KEY",
            "status": "INVALID_ARGUMENT"
          }
        },
        "response": {
          "statusCode": 400
        }
      },
      "exit": 1,
      "message": "Request to https://cloudfunctions.googleapis.com/v2/projects/spend-flow-82e37/locations/us-central1/functions/analyzeTransactionText?updateMask=name%2CbuildConfig.runtime%2CbuildConfig.entryPoint%2CbuildConfig.source.storageSource.bucket%2CbuildConfig.source.storageSource.object%2CbuildConfig.environmentVariables%2CbuildConfig.sourceToken%2CserviceConfig.environmentVariables%2CserviceConfig.secretEnvironmentVariables%2CserviceConfig.ingressSettings%2CserviceConfig.timeoutSeconds%2CserviceConfig.serviceAccountEmail%2CserviceConfig.availableMemory%2CserviceConfig.minInstanceCount%2CserviceConfig.maxInstanceCount%2CserviceConfig.maxInstanceRequestConcurrency%2CserviceConfig.availableCpu%2CserviceConfig.vpcConnector%2CserviceConfig.vpcConnectorEgressSettings%2CserviceConfig.directVpcNetworkInterface%2CserviceConfig.directVpcEgress%2Clabels had HTTP Error: 400, Could not update Cloud Run service projects/spend-flow-82e37/locations/us-central1/services/analyzetransactiontext. spec.template.spec.containers[0].env: Secret environment variable overlaps non secret environment variable: GEMINI_API_KEY",
      "status": 400
    },
    "status": 400,
    "code": 400
  }
}
[error] Error: There was an error deploying functions:
[error] - Error Failed to update function registerUser in region us-central1
[error] - Error Failed to update function resendOtpRegister in region us-central1
[error] - Error Failed to update function forgotPassword in region us-central1
[error] - Error Failed to update function analyzeReceiptImage in region us-central1
[error] - Error Failed to update function analyzeTransactionText in region us-central1
